building name,street number,street name,street suffix,rooms
PIERCE LABORATORY,33,MASSACHUSETTS,AVE,407
PIERCE LABORATORY,77,MASSACHUSETTS,AVE,407
PIERCE LABORATORY,MEM106,,,407
PIERCE LABORATORY,33,MASSACHUSETTS,AVE,407
BUILDING 2,182,MEMORIAL,DR,355
BUILDING 2,77,MASSACHUSETTS,AVE,355
BUILDING 2,MEM106,,,355
BUILDING 2,182,MEMORIAL,DR,355
MACLAURIN BUILDINGS (3),33,MASSACHUSETTS,AVE,547
MACLAURIN BUILDINGS (3),77,MASSACHUSETTS,AVE,547
MACLAURIN BUILDINGS (3),MEM106,,,547
MACLAURIN BUILDINGS (3),33,MASSACHUSETTS,AVE,547
MACLAURIN BUILDINGS (4),182,MEMORIAL,DR,481
MACLAURIN BUILDINGS (4),77,MASSACHUSETTS,AVE,481
MACLAURIN BUILDINGS (4),MEM106,,,481
MACLAURIN BUILDINGS (4),182,MEMORIAL,DR,481
PRATT SCHOOL,55,MASSACHUSETTS,AVE,271
PRATT SCHOOL,77,MASSACHUSETTS,AVE,271
PRATT SCHOOL,MEM106,,,271
PRATT SCHOOL,55,MASSACHUSETTS,AVE,271
EASTMAN LABORATORIES,182,MEMORIAL,DR,312
EASTMAN LABORATORIES,77,MASSACHUSETTS,AVE,312
EASTMAN LABORATORIES,MEM106,,,312
EASTMAN LABORATORIES,182,MEMORIAL,DR,312
SOLVENT STORAGE,182,MEMORIAL,DR,4
SOLVENT STORAGE,77,MASSACHUSETTS,AVE,4
SOLVENT STORAGE,MEM106,,,4
SOLVENT STORAGE,182,MEMORIAL,DR,4
BUILDING 6C,182,MEMORIAL,DR,118
BUILDING 6C,77,MASSACHUSETTS,AVE,118
BUILDING 6C,182,MEMORIAL,DR,118
WILLIAM BARTON ROGERS BUILDING,77,MASSACHUSETTS,AVE,325
WILLIAM BARTON ROGERS BUILDING,77,MASSACHUSETTS,AVE,325
WILLIAM BARTON ROGERS BUILDING,MEM106,,,325
WILLIAM BARTON ROGERS BUILDING,77,MASSACHUSETTS,AVE,325
ROTCH LIBRARY EXTENSION,77,MASSACHUSETTS,AVE,75
ROTCH LIBRARY EXTENSION,77,MASSACHUSETTS,AVE,75
ROTCH LIBRARY EXTENSION,MEM106,,,75
ROTCH LIBRARY EXTENSION,77,MASSACHUSETTS,AVE,75
BUILDING 8,21,AMES,ST,261
BUILDING 8,77,MASSACHUSETTS,AVE,261
BUILDING 8,MEM106,,,261
BUILDING 8,21,AMES,ST,261
SAMUEL TAK LEE BUILDING,105,MASSACHUSETTS,AVE,312
SAMUEL TAK LEE BUILDING,77,MASSACHUSETTS,AVE,312
SAMUEL TAK LEE BUILDING,MEM106,,,312
SAMUEL TAK LEE BUILDING,105,MASSACHUSETTS,AVE,312
MACLAURIN BUILDINGS (10),222,MEMORIAL,DR,566
MACLAURIN BUILDINGS (10),77,MASSACHUSETTS,AVE,566
MACLAURIN BUILDINGS (10),MEM106,,,566
MACLAURIN BUILDINGS (10),222,MEMORIAL,DR,566
HOMBERG BUILDING,77,MASSACHUSETTS,AVE,189
HOMBERG BUILDING,77,MASSACHUSETTS,AVE,189
HOMBERG BUILDING,MEM106,,,189
HOMBERG BUILDING,77,MASSACHUSETTS,AVE,189
BUSH BUILDING,105,MASSACHUSETTS,AVE,573
BUSH BUILDING,77,MASSACHUSETTS,AVE,573
BUSH BUILDING,MEM106,,,573
BUSH BUILDING,105,MASSACHUSETTS,AVE,573
HAYDEN MEMORIAL LIBRARY,160,MEMORIAL,DR,94
HAYDEN MEMORIAL LIBRARY,77,MASSACHUSETTS,AVE,94
HAYDEN MEMORIAL LIBRARY,MEM106,,,94
HAYDEN MEMORIAL LIBRARY,160,MEMORIAL,DR,94
HAYDEN MEMORIAL LIBRARY (E),160,MEMORIAL,DR,90
HAYDEN MEMORIAL LIBRARY (E),160,MEMORIAL,DR,90
HAYDEN MEMORIAL LIBRARY (N),160,MEMORIAL,DR,188
HAYDEN MEMORIAL LIBRARY (N),160,MEMORIAL,DR,188
HAYDEN MEMORIAL LIBRARY (S),160,MEMORIAL,DR,119
HAYDEN MEMORIAL LIBRARY (S),160,MEMORIAL,DR,119
HAYDEN MEMORIAL LIBRARY (W),160,MEMORIAL,DR,16
HAYDEN MEMORIAL LIBRARY (W),160,MEMORIAL,DR,16
DORRANCE BUILDING,21,AMES,ST,370
DORRANCE BUILDING,77,MASSACHUSETTS,AVE,370
DORRANCE BUILDING,MEM106,,,370
DORRANCE BUILDING,21,AMES,ST,370
WRIGHT BROTHERS WIND TUNNEL,76,VASSAR,ST,14
WRIGHT BROTHERS WIND TUNNEL,77,MASSACHUSETTS,AVE,14
WRIGHT BROTHERS WIND TUNNEL,MEM106,,,14
WRIGHT BROTHERS WIND TUNNEL,76,VASSAR,ST,14
DREYFUS BUILDING,21,AMES,ST,519
DREYFUS BUILDING,77,MASSACHUSETTS,AVE,519
DREYFUS BUILDING,MEM106,,,519
DREYFUS BUILDING,21,AMES,ST,519
BUILDING 24,60,VASSAR,ST,310
BUILDING 24,77,MASSACHUSETTS,AVE,310
BUILDING 24,MEM106,,,310
BUILDING 24,60,VASSAR,ST,310
COMPTON LABORATORIES,60,VASSAR,ST,383
COMPTON LABORATORIES,77,MASSACHUSETTS,AVE,383
COMPTON LABORATORIES,MEM106,,,383
COMPTON LABORATORIES,60,VASSAR,ST,383
SLOAN LABORATORIES,70,VASSAR,ST,224
SLOAN LABORATORIES,77,MASSACHUSETTS,AVE,224
SLOAN LABORATORIES,MEM106,,,224
SLOAN LABORATORIES,70,VASSAR,ST,224
STATA CENTER,32,VASSAR,ST,"1,329"
STATA CENTER,77,MASSACHUSETTS,AVE,"1,329"
STATA CENTER,32,VASSAR,ST,"1,329"
STATA CENTER GARAGE,32,VASSAR,ST,32
STATA CENTER GARAGE,77,MASSACHUSETTS,AVE,32
STATA CENTER GARAGE,32,VASSAR,ST,32
GUGGENHEIM LABORATORY,125,MASSACHUSETTS,AVE,169
GUGGENHEIM LABORATORY,77,MASSACHUSETTS,AVE,169
GUGGENHEIM LABORATORY,MEM106,,,169
GUGGENHEIM LABORATORY,125,MASSACHUSETTS,AVE,169
EG&G EDUCATION CENTER,50,VASSAR,ST,62
EG&G EDUCATION CENTER,77,MASSACHUSETTS,AVE,62
EG&G EDUCATION CENTER,MEM106,,,62
EG&G EDUCATION CENTER,50,VASSAR,ST,62
SLOAN LABORATORY,127,MASSACHUSETTS,AVE,243
SLOAN LABORATORY,77,MASSACHUSETTS,AVE,243
SLOAN LABORATORY,MEM106,,,243
SLOAN LABORATORY,127,MASSACHUSETTS,AVE,243
FAIRCHILD BUILDING (36),50,VASSAR,ST,587
FAIRCHILD BUILDING (36),77,MASSACHUSETTS,AVE,587
FAIRCHILD BUILDING (36),MEM106,,,587
FAIRCHILD BUILDING (36),50,VASSAR,ST,587
MCNAIR BUILDING,70,VASSAR,ST,411
MCNAIR BUILDING,77,MASSACHUSETTS,AVE,411
MCNAIR BUILDING,MEM106,,,411
MCNAIR BUILDING,70,VASSAR,ST,411
FAIRCHILD BUILDING (38),50,VASSAR,ST,328
FAIRCHILD BUILDING (38),77,MASSACHUSETTS,AVE,328
FAIRCHILD BUILDING (38),MEM106,,,328
FAIRCHILD BUILDING (38),50,VASSAR,ST,328
BROWN BUILDING,60,VASSAR,ST,248
BROWN BUILDING,77,MASSACHUSETTS,AVE,248
BROWN BUILDING,MEM106,,,248
BROWN BUILDING,60,VASSAR,ST,248
BUILDING 41,77,VASSAR,ST,104
BUILDING 41,77,MASSACHUSETTS,AVE,104
BUILDING 41,MEM106,,,104
BUILDING 41,77,VASSAR,ST,104
COGENERATION PLANT,59,VASSAR,ST,80
COGENERATION PLANT,77,MASSACHUSETTS,AVE,80
COGENERATION PLANT,MEM106,,,80
COGENERATION PLANT,59,VASSAR,ST,80
BUILDING 42 TUNNEL,59,VASSAR,ST,1
BUILDING 42 TUNNEL,59,VASSAR,ST,1
POWER PLANT ANNEX,57,VASSAR,ST,35
POWER PLANT ANNEX,77,MASSACHUSETTS,AVE,35
POWER PLANT ANNEX,MEM106,,,35
POWER PLANT ANNEX,57,VASSAR,ST,35
CYCLOTRON,51,VASSAR,ST,50
CYCLOTRON,77,MASSACHUSETTS,AVE,50
CYCLOTRON,MEM106,,,50
CYCLOTRON,51,VASSAR,ST,50
BCSC,43,VASSAR,ST,"1,396"
BCSC,77,VASSAR,ST,"1,396"
BCSC,43,VASSAR,ST,"1,396"
PARSONS LABORATORY,15,VASSAR,ST,157
PARSONS LABORATORY,77,MASSACHUSETTS,AVE,157
PARSONS LABORATORY,MEM106,,,157
PARSONS LABORATORY,15,VASSAR,ST,157
WALKER MEMORIAL,142,MEMORIAL,DR,199
WALKER MEMORIAL,77,MASSACHUSETTS,AVE,199
WALKER MEMORIAL,MEM106,,,199
WALKER MEMORIAL,142,MEMORIAL,DR,199
WOOD SAILING PAVILION,134,MEMORIAL,DR,24
WOOD SAILING PAVILION,77,MASSACHUSETTS,AVE,24
WOOD SAILING PAVILION,MEM106,,,24
WOOD SAILING PAVILION,134,MEMORIAL,DR,24
GREEN BUILDING,21,AMES,ST,616
GREEN BUILDING,77,MASSACHUSETTS,AVE,616
GREEN BUILDING,MEM106,,,616
GREEN BUILDING,21,AMES,ST,616
WHITAKER BUILDING,21,AMES,ST,459
WHITAKER BUILDING,77,MASSACHUSETTS,AVE,459
WHITAKER BUILDING,MEM106,,,459
WHITAKER BUILDING,21,AMES,ST,459
MIT ALUMNI POOL,6,VASSAR,ST,52
MIT ALUMNI POOL,77,MASSACHUSETTS,AVE,52
MIT ALUMNI POOL,MEM106,,,52
MIT ALUMNI POOL,6,VASSAR,ST,52
ALUMNI HOUSES: MUNROE HAYDEN WOOD,3,AMES,ST,0
ALUMNI HOUSES: MUNROE HAYDEN WOOD,3,AMES,ST,0
ALUMNI HOUSES: MUNROE HAYDEN WOOD,MEM106,,,0
ALUMNI HOUSES: MUNROE HAYDEN WOOD,3,AMES,ST,0
ALUMNI HOUSES: HAYDEN,3,AMES,ST,117
ALUMNI HOUSES: HAYDEN,3,AMES,ST,117
ALUMNI HOUSES: MUNROE,3,AMES,ST,102
ALUMNI HOUSES: MUNROE,3,AMES,ST,102
ALUMNI HOUSES: WOOD,3,AMES,ST,111
ALUMNI HOUSES: WOOD,3,AMES,ST,111
EAST CAMPUS: WALCOTT BEMIS GOODALE,3,AMES,ST,0
EAST CAMPUS: WALCOTT BEMIS GOODALE,3,AMES,ST,0
EAST CAMPUS: WALCOTT BEMIS GOODALE,MEM106,,,0
EAST CAMPUS: WALCOTT BEMIS GOODALE,3,AMES,ST,0
EAST CAMPUS: BEMIS,3,AMES,ST,114
EAST CAMPUS: BEMIS,3,AMES,ST,114
EAST CAMPUS: GOODALE,3,AMES,ST,108
EAST CAMPUS: GOODALE,3,AMES,ST,108
EAST CAMPUS: WALCOTT,3,AMES,ST,123
EAST CAMPUS: WALCOTT,3,AMES,ST,123
LANDAU BUILDING,25,AMES,ST,323
LANDAU BUILDING,77,MASSACHUSETTS,AVE,323
LANDAU BUILDING,MEM106,,,323
LANDAU BUILDING,25,AMES,ST,323
PLASMA SCIENCE & FUSION CENTER (NW16),167,ALBANY,ST,171
PLASMA SCIENCE & FUSION CENTER (NW16),ALB167,,,171
PLASMA SCIENCE & FUSION CENTER (NW16),167,ALBANY,ST,171
PLASMA SCIENCE & FUSION CENTER (NW17),175,ALBANY,ST,151
PLASMA SCIENCE & FUSION CENTER (NW17),ALB175,,,151
PLASMA SCIENCE & FUSION CENTER (NW17),175,ALBANY,ST,151
ALBANY ST GENERATOR SHELTER,180,ALBANY,ST,10
ALBANY ST GENERATOR SHELTER,77,MASSACHUSETTS,AVE,10
ALBANY ST GENERATOR SHELTER,ALB144,,,10
ALBANY ST GENERATOR SHELTER,180,ALBANY,ST,10
PLASMA SCIENCE & FUSION CENTER (NW21),190,ALBANY,ST,148
PLASMA SCIENCE & FUSION CENTER (NW21),ALB180,,,148
PLASMA SCIENCE & FUSION CENTER (NW21),190,ALBANY,ST,148
PLASMA SCIENCE & FUSION CENTER (NW22),185,ALBANY,ST,157
PLASMA SCIENCE & FUSION CENTER (NW22),195,ALBANY,,157
PLASMA SCIENCE & FUSION CENTER (NW22),195,ALBANY,,157
PLASMA SCIENCE & FUSION CENTER (NW22),ALB185,,,157
PLASMA SCIENCE & FUSION CENTER (NW22),185,ALBANY,ST,157
224 ALBANY STREET,224,ALBANY,ST,252
224 ALBANY STREET,77,MASSACHUSETTS,AVE,252
224 ALBANY STREET,ALB224,,,252
224 ALBANY STREET,224,ALBANY,ST,252
ASHDOWN HOUSE,235,ALBANY,ST,568
ASHDOWN HOUSE,77,MASSACHUSETTS,AVE,568
ASHDOWN HOUSE,235,ALBANY,ST,568
RANDOM HALL,282,MASSACHUSETTS,AVE,185
RANDOM HALL,290,MASSACHUSETTS,AVE,185
RANDOM HALL,292-290,MASSACHUSETTS,AVE,185
RANDOM HALL,MAS282,,,185
RANDOM HALL,292-290,MASSACHUSETTS,AVE,185
70 PACIFIC STREET DORMITORY,70,PACIFIC,ST,710
70 PACIFIC STREET DORMITORY,100,SIDNEY,,710
70 PACIFIC STREET DORMITORY,77,MASSACHUSETTS,AVE,710
70 PACIFIC STREET DORMITORY,70,PACIFIC,ST,710
70 PACIFIC STREET DORMITORY GARAGE,70,PACIFIC,ST,32
70 PACIFIC STREET DORMITORY GARAGE,100,SIDNEY,,32
70 PACIFIC STREET DORMITORY GARAGE,77,MASSACHUSETTS,AVE,32
70 PACIFIC STREET DORMITORY GARAGE,70,PACIFIC,ST,32
ENDICOTT HOUSE,80,HAVEN,ST,185
ENDICOTT HOUSE,80,HAVEN,ST,185
EDWARD PENNELL BROOKS CENTER,80,HAVEN,ST,115
EDWARD PENNELL BROOKS CENTER,80,HAVEN,ST,115
EDWARD PENNELL BROOKS CENTER,80,HAVEN,ST,115
645 SUMMER STREET,645,SUMMER,ST,1
645 SUMMER STREET,77,MASSACHUSETTS,AVE,1
645 SUMMER STREET,645,SUMMER,ST,1
BUILDING OC100,820,FIRST,ST,11
BUILDING OC100,820,FIRST,ST,11
1 SUMMER STREET BOSTON MA,1,SUMMER,ST,2
1 SUMMER STREET BOSTON MA,1,SUMMER,ST,2
1 SUMMER STREET BOSTON MA,1,SUMMER,ST,2
BATES LINAC: ADMINISTRATION BLDG,21,MANNING,AVE,34
BATES LINAC: ADMINISTRATION BLDG,21,MANNING,AVE,34
BATES LINAC: RESEARCH BLDG,21,MANNING,AVE,45
BATES LINAC: RESEARCH BLDG,21,MANNING,AVE,45
BATES LINAC: NORTH EXPERIMENTAL HALL,21,MANNING,AVE,4
BATES LINAC: NORTH EXPERIMENTAL HALL,21,MANNING,AVE,4
BATES LINAC: WAREHOUSE #2,21,MANNING,AVE,3
BATES LINAC: WAREHOUSE #2,21,MANNING,AVE,3
BATES LINAC: RING SERVICE BUILDING,21,MANNING,AVE,7
BATES LINAC: RING SERVICE BUILDING,21,MANNING,AVE,7
BATES LINAC: SOUTH EXPERIMENTAL HALL,21,MANNING,AVE,48
BATES LINAC: SOUTH EXPERIMENTAL HALL,21,MANNING,AVE,48
BATES LINAC: NORTH HALL EXHAUST,21,MANNING,AVE,2
BATES LINAC: NORTH HALL EXHAUST,21,MANNING,AVE,2
BATES LINAC: ENGINEERING,21,MANNING,AVE,57
BATES LINAC: ENGINEERING,21,MANNING,AVE,57
BATES LINAC: GAS BOTTLE/TANK STORAGE,21,MANNING,AVE,2
BATES LINAC: GAS BOTTLE/TANK STORAGE,21,MANNING,AVE,2
BATES LINAC: VAULT & TUNNEL GALLERY,21,MANNING,AVE,45
BATES LINAC: VAULT & TUNNEL GALLERY,21,MANNING,AVE,45
BATES LINAC: WAREHOUSE #1,21,MANNING,AVE,3
BATES LINAC: WAREHOUSE #1,21,MANNING,AVE,3
BATES LINAC: BARN,21,MANNING,AVE,3
BATES LINAC: BARN,21,MANNING,AVE,3
BATES LINAC: WAREHOUSE #3,21,MANNING,AVE,13
BATES LINAC: WAREHOUSE #3,21,MANNING,AVE,13
BATES LINAC: WATER TOWER,21,MANNING,AVE,3
BATES LINAC: WATER TOWER,21,MANNING,AVE,3
8 TYLER STREET,8,TYLER,ST,5
8 TYLER STREET,8,TYLER,ST,5
WALLACE ASTROPHYSICAL OBSERVATORY,50,GROTON,RD,16
WALLACE ASTROPHYSICAL OBSERVATORY,50,GROTON,RD,16
WALLACE ASTROPHYSICAL OBSERVATORY,50,GROTON,RD,16
WESTFORD OPTICS FACILITY (HAYSTACK),50,GROTON,RD,3
WESTFORD OPTICS FACILITY (HAYSTACK),50,GROTON,RD,3
WESTFORD OPTICS FACILITY (HAYSTACK),50,GROTON,RD,3
WALLACE GEOPHYSICAL OBSERVATORY,50,GROTON,RD,6
WALLACE GEOPHYSICAL OBSERVATORY,50,GROTON,RD,6
WALLACE GEOPHYSICAL OBSERVATORY,50,GROTON,RD,6
HAYSTACK ANTENNA FACILITY,50,GROTON,RD,31
HAYSTACK ANTENNA FACILITY,50,GROTON,RD,31
HAYSTACK ANTENNA FACILITY,50,GROTON,RD,31
HAYSTACK OBSERVATORY,50,GROTON,RD,155
HAYSTACK OBSERVATORY,50,GROTON,RD,155
HAYSTACK OBSERVATORY,50,GROTON,RD,155
HAYSTACK ATMOSPHERIC SCIENCES BUILDING,50,GROTON,RD,10
HAYSTACK ATMOSPHERIC SCIENCES BUILDING,50,GROTON,RD,10
HAYSTACK ATMOSPHERIC SCIENCES BUILDING,50,GROTON,RD,10
KOCH BIOLOGY BUILDING,31,AMES,ST,971
KOCH BIOLOGY BUILDING,77,MASSACHUSETTS,AVE,971
KOCH BIOLOGY BUILDING,AME31,,,971
KOCH BIOLOGY BUILDING,31,AMES,ST,971
D H KOCH IN FICR,500,MAIN,ST,925
D H KOCH IN FICR,77,MASSACHUSETTS,AVE,925
D H KOCH IN FICR,500,MAIN,ST,925
GRAY HOUSE,111,MEMORIAL,DR,139
GRAY HOUSE,111,MEMORIAL,DR,139
GRAY HOUSE,MEM106,,,139
GRAY HOUSE,111,MEMORIAL,DR,139
SENIOR HOUSE,4,AMES,ST,314
SENIOR HOUSE,70,AMHERST,ST,314
SENIOR HOUSE,70,AMHERST,ST,314
SENIOR HOUSE,MEM106,,,314
SENIOR HOUSE,4,AMES,ST,314
BUILDING E14,75,AMHERST,ST,345
BUILDING E14,77,MASSACHUSETTS,AVE,345
BUILDING E14,75,AMHERST,ST,345
WIESNER BUILDING,20,AMES,ST,462
WIESNER BUILDING,77,MASSACHUSETTS,AVE,462
WIESNER BUILDING,MAI364,,,462
WIESNER BUILDING,AME12,,,462
WIESNER BUILDING,20,AMES,ST,462
MUDD BUILDING,40,AMES,ST,341
MUDD BUILDING,77,MASSACHUSETTS,AVE,341
MUDD BUILDING,MAI364,,,341
MUDD BUILDING,40,AMES,ST,341
FORD BUILDING (E18),50,AMES,ST,377
FORD BUILDING (E18),77,MASSACHUSETTS,AVE,377
FORD BUILDING (E18),MAI364,,,377
FORD BUILDING (E18),50,AMES,ST,377
FORD BUILDING (E19),400,MAIN,ST,719
FORD BUILDING (E19),77,MASSACHUSETTS,AVE,719
FORD BUILDING (E19),MAI364,,,719
FORD BUILDING (E19),400,MAIN,ST,719
HEALTH SERVICES,25,CARLETON,ST,621
HEALTH SERVICES,77,MASSACHUSETTS,AVE,621
HEALTH SERVICES,CAR1,,,621
HEALTH SERVICES,CAR45,,,621
HEALTH SERVICES,25,CARLETON,ST,621
WHITAKER COLLEGE,45,CARLETON,ST,564
WHITAKER COLLEGE,77,MASSACHUSETTS,AVE,564
WHITAKER COLLEGE,DEA18,,,564
WHITAKER COLLEGE,CAR45,,,564
WHITAKER COLLEGE,MAI364,,,564
WHITAKER COLLEGE,45,CARLETON,ST,564
RINALDI TILE,34,CARLETON,ST,32
RINALDI TILE,77,MASSACHUSETTS,AVE,32
RINALDI TILE,HAY1,,,32
RINALDI TILE,34,CARLETON,ST,32
BUILDING E34,42,CARLETON,ST,168
BUILDING E34,44,CARLETON,ST,168
BUILDING E34,77,MASSACHUSETTS,AVE,168
BUILDING E34,HAY1,,,168
BUILDING E34,42-44,CARLETON,ST,168
SUFFOLK BUILDING,292,MAIN,ST,374
SUFFOLK BUILDING,77,MASSACHUSETTS,AVE,374
SUFFOLK BUILDING,MAI292,,,374
SUFFOLK BUILDING,292,MAIN,ST,374
290 MAIN STREET,264,MAIN,ST,174
290 MAIN STREET,290,MAIN,ST,174
290 MAIN STREET,55,HAYWARD,ST,174
290 MAIN STREET,77,MASSACHUSETTS,AVE,174
290 MAIN STREET,MAI264,,,174
290 MAIN STREET,290,MAIN,ST,174
MUCKLEY BUILDING,1,AMHERST,ST,537
MUCKLEY BUILDING,77,MASSACHUSETTS,AVE,537
MUCKLEY BUILDING,AMH1,,,537
MUCKLEY BUILDING,1,AMHERST,ST,537
BUILDING E48,238,MAIN,ST,247
BUILDING E48,242,MAIN,ST,247
BUILDING E48,250,MAIN,ST,247
BUILDING E48,226,MAIN,ST,247
BUILDING E48,77,MASSACHUSETTS,AVE,247
BUILDING E48,MAI238,,,247
BUILDING E48,238,MAIN,ST,247
TANG CENTER,70,MEMORIAL,DR,316
TANG CENTER,77,MASSACHUSETTS,AVE,316
TANG CENTER,MEM70A,,,316
TANG CENTER,70,MEMORIAL,DR,316
SLOAN BUILDING,50,MEMORIAL,DR,534
SLOAN BUILDING,77,MASSACHUSETTS,AVE,534
SLOAN BUILDING,WAD30,,,534
SLOAN BUILDING,50,MEMORIAL,DR,534
HERMANN BUILDING,30,WADSWORTH,ST,288
HERMANN BUILDING,77,MASSACHUSETTS,AVE,288
HERMANN BUILDING,WAD30,,,288
HERMANN BUILDING,MAI180,,,288
HERMANN BUILDING,30,WADSWORTH,ST,288
EASTGATE,60,WADSWORTH,ST,466
EASTGATE,EASTGATE,,,466
EASTGATE,MAI206,,,466
EASTGATE,60,WADSWORTH,ST,466
ARTHUR D LITTLE BUILDING,30,MEMORIAL,DR,139
ARTHUR D LITTLE BUILDING,30,MEMORIAL,DR,139
ARTHUR D LITTLE BUILDING,MEM30,,,139
ARTHUR D LITTLE BUILDING,30,MEMORIAL,DR,139
BUILDING E62,100,MAIN,ST,650
BUILDING E62,100,MAIN,ST,650
BUILDING E62,100,MAIN,ST,650
BADGER BUILDING,1,BROADWAY,,141
BADGER BUILDING,77,MASSACHUSETTS,AVE,141
BADGER BUILDING,1,BROADWAY,,141
BUILDING E90,1,MAIN,ST,301
BUILDING E90,1,MAIN,ST,301
245 FIRST STREET,245,FIRST,ST,104
245 FIRST STREET,245,FIRST,ST,104
BUILDING EE19,1,ROGERS,ST,145
BUILDING EE19,1,ROGERS,ST,145
BUILDING EE20,1,CHARLES,PARK,144
BUILDING EE20,1,CHARLES,PARK,144
ALBANY GARAGE,32,ALBANY,ST,36
ALBANY GARAGE,77,MASSACHUSETTS,AVE,36
ALBANY GARAGE,ALB2&2R,,,36
ALBANY GARAGE,ALB36&36R,,,36
ALBANY GARAGE,32,ALBANY,ST,36
SUPERCONDUCTING TEST FACILITY,68,ALBANY,ST,15
SUPERCONDUCTING TEST FACILITY,77,MASSACHUSETTS,AVE,15
SUPERCONDUCTING TEST FACILITY,ALB68,,,15
SUPERCONDUCTING TEST FACILITY,MAS149,,,15
SUPERCONDUCTING TEST FACILITY,68,ALBANY,ST,15
HIGH VOLTAGE RESEARCH LAB,155,MASSACHUSETTS,AVE,53
HIGH VOLTAGE RESEARCH LAB,77,MASSACHUSETTS,AVE,53
HIGH VOLTAGE RESEARCH LAB,MAS149,,,53
HIGH VOLTAGE RESEARCH LAB,155,MASSACHUSETTS,AVE,53
COOLING TOWER & OIL RESERVE,60,ALBANY,ST,26
COOLING TOWER & OIL RESERVE,77,MASSACHUSETTS,AVE,26
COOLING TOWER & OIL RESERVE,ALB60,,,26
COOLING TOWER & OIL RESERVE,60,ALBANY,ST,26
BUILDING N16A,60,ALBANY,ST,11
BUILDING N16A,77,MASSACHUSETTS,AVE,11
BUILDING N16A,60,ALBANY,ST,11
FIRE PUMP ROOM,60,ALBANY,ST,5
FIRE PUMP ROOM,77,MASSACHUSETTS,AVE,5
FIRE PUMP ROOM,60,ALBANY,ST,5
BUILDING N16C,60,ALBANY,ST,3
BUILDING N16C,77,MASSACHUSETTS,AVE,3
BUILDING N16C,60,ALBANY,ST,3
BUILDING N51,275,MASSACHUSETTS,AVE,128
BUILDING N51,77,MASSACHUSETTS,AVE,128
BUILDING N51,MAS275,,,128
BUILDING N51,275,MASSACHUSETTS,AVE,128
MIT MUSEUM,265,MASSACHUSETTS,AVE,323
MIT MUSEUM,77,MASSACHUSETTS,AVE,323
MIT MUSEUM,MAS265,,,323
MIT MUSEUM,265,MASSACHUSETTS,AVE,323
BUILDING N57,1,STATE,ST,52
BUILDING N57,77,MASSACHUSETTS,AVE,52
BUILDING N57,MAI864,,,52
BUILDING N57,1,STATE,ST,52
300 BENT STREET,300,BENT,ST,5
300 BENT STREET,300,BENT,ST,5
255 MAIN STREET,255,MAIN,ST,196
255 MAIN STREET,77,MASSACHUSETTS,AVE,196
255 MAIN STREET,255,MAIN,ST,196
145 BROADWAY,145,BROADWAY,,51
145 BROADWAY,145,BROADWAY,,51
300 TECHNOLOGY SQUARE,300,TECHNOLOGY,SQ,24
300 TECHNOLOGY SQUARE,300,TECHNOLOGY,SQ,24
400 TECHNOLOGY SQUARE,400,TECHNOLOGY,SQ,36
400 TECHNOLOGY SQUARE,400,TECHNOLOGY,SQ,36
500 TECHNOLOGY SQUARE,500,TECHNOLOGY,SQ,263
500 TECHNOLOGY SQUARE,77,MASSACHUSETTS,AVE,263
500 TECHNOLOGY SQUARE,500,TECHNOLOGY,SQ,263
700 TECHNOLOGY SQUARE,700,TECHNOLOGY,SQ,75
700 TECHNOLOGY SQUARE,77,MASSACHUSETTS,AVE,75
700 TECHNOLOGY SQUARE,700,TECHNOLOGY,SQ,75
600 TECHNOLOGY SQUARE,600,TECHNOLOGY,SQ,463
600 TECHNOLOGY SQUARE,77,MASSACHUSETTS,AVE,463
600 TECHNOLOGY SQUARE,600,TECHNOLOGY,SQ,463
BUILDING 300,1,KENDALL,SQ,77
BUILDING 300,1,KENDALL,SQ,77
BUILDING 300,1,KENDALL,SQ,77
EDGERTON HOUSE,143,ALBANY,ST,250
EDGERTON HOUSE,143,ALBANY,ST,250
EDGERTON HOUSE,ALB143,,,250
EDGERTON HOUSE,143,ALBANY,ST,250
NUCLEAR REACTOR LAB,138,ALBANY,ST,166
NUCLEAR REACTOR LAB,77,MASSACHUSETTS,AVE,166
NUCLEAR REACTOR LAB,ALB120,,,166
NUCLEAR REACTOR LAB,138,ALBANY,ST,166
BUILDING NW12A,138,ALBANY,ST,1
BUILDING NW12A,77,MASSACHUSETTS,AVE,1
BUILDING NW12A,138,ALBANY,ST,1
BUILDING NW13,144,ALBANY,ST,143
BUILDING NW13,77,MASSACHUSETTS,AVE,143
BUILDING NW13,ALB120,,,143
BUILDING NW13,ALB144,,,143
BUILDING NW13,144,ALBANY,ST,143
FRANCIS BITTER MAGNET LAB (NW14),150,ALBANY,ST,408
FRANCIS BITTER MAGNET LAB (NW14),166,ALBANY,ST,408
FRANCIS BITTER MAGNET LAB (NW14),77,MASSACHUSETTS,AVE,408
FRANCIS BITTER MAGNET LAB (NW14),ALB144,,,408
FRANCIS BITTER MAGNET LAB (NW14),150,ALBANY,ST,408
FRANCIS BITTER MAGNET LAB (NW15),166,ALBANY,ST,11
FRANCIS BITTER MAGNET LAB (NW15),170,ALBANY,ST,11
FRANCIS BITTER MAGNET LAB (NW15),77,MASSACHUSETTS,AVE,11
FRANCIS BITTER MAGNET LAB (NW15),ALB144,,,11
FRANCIS BITTER MAGNET LAB (NW15),166-170,ALBANY,ST,11
KATAHDIN HILL 1,244,WOOD,ST,95
KATAHDIN HILL 1,244,WOOD,ST,95
KATAHDIN HILL 1A,244,WOOD,ST,7
KATAHDIN HILL 1A,244,WOOD,ST,7
LEXINGTON FIELD HOUSE,244,WOOD,ST,19
LEXINGTON FIELD HOUSE,244,WOOD,ST,19
BALLOON HOUSE A,244,WOOD,ST,4
BALLOON HOUSE A,244,WOOD,ST,4
BALLOON HOUSE B,244,WOOD,ST,1
BALLOON HOUSE B,244,WOOD,ST,1
ANNEX 3,244,WOOD,ST,37
ANNEX 3,244,WOOD,ST,37
ANNEX V,244,WOOD,ST,91
ANNEX V,244,WOOD,ST,91
ANNEX 6,244,WOOD,ST,28
ANNEX 6,244,WOOD,ST,28
ANNEX 6 TRAILER,244,WOOD,ST,1
ANNEX 6 TRAILER,244,WOOD,ST,1
MASS GREEN HIGH PERFORMANCE COMPUTING CENTER,100,BIGELOW,ST,4
MASS GREEN HIGH PERFORMANCE COMPUTING CENTER,100,BIGELOW,ST,4
FARIBORZ MASEEH HALL,305,MEMORIAL,DR,558
FARIBORZ MASEEH HALL,305,MEMORIAL,DR,558
FARIBORZ MASEEH HALL,MEM300,,,558
FARIBORZ MASEEH HALL,305,MEMORIAL,DR,558
BUILDING W2,311,MEMORIAL,DR,67
BUILDING W2,311,MEMORIAL,DR,67
BUILDING W2,MEM311,,,67
BUILDING W2,311,MEMORIAL,DR,67
MCCORMICK HALL,320,MEMORIAL,DR,562
MCCORMICK HALL,320,MEMORIAL,DR,562
MCCORMICK HALL,MEM319,,,562
MCCORMICK HALL,MEM318,,,562
MCCORMICK HALL,MEM317,,,562
MCCORMICK HALL,MEM315,,,562
MCCORMICK HALL,320,MEMORIAL,DR,562
GREEN HALL,350,MEMORIAL,DR,106
GREEN HALL,350,MEMORIAL,DR,106
GREEN HALL,MEM341,,,106
GREEN HALL,350,MEMORIAL,DR,106
BAKER HOUSE,362,MEMORIAL,DR,497
BAKER HOUSE,362,MEMORIAL,DR,497
BAKER HOUSE,VAS106,,,497
BAKER HOUSE,362,MEMORIAL,DR,497
PIERCE BOATHOUSE,409,MEMORIAL,DR,34
PIERCE BOATHOUSE,77,MASSACHUSETTS,AVE,34
PIERCE BOATHOUSE,MEM409L,,,34
PIERCE BOATHOUSE,409,MEMORIAL,DR,34
RELIGIOUS ACTIVITIES CENTER,40,MASSACHUSETTS,AVE,63
RELIGIOUS ACTIVITIES CENTER,77,MASSACHUSETTS,AVE,63
RELIGIOUS ACTIVITIES CENTER,MAS32,,,63
RELIGIOUS ACTIVITIES CENTER,40,MASSACHUSETTS,AVE,63
MIT CHAPEL,48,MASSACHUSETTS,AVE,26
MIT CHAPEL,77,MASSACHUSETTS,AVE,26
MIT CHAPEL,MAS60,,,26
MIT CHAPEL,48,MASSACHUSETTS,AVE,26
KRESGE AUDITORIUM,48,MASSACHUSETTS,AVE,94
KRESGE AUDITORIUM,77,MASSACHUSETTS,AVE,94
KRESGE AUDITORIUM,MAS60,,,94
KRESGE AUDITORIUM,48,MASSACHUSETTS,AVE,94
STRATTON STUDENT CENTER,84,MASSACHUSETTS,AVE,428
STRATTON STUDENT CENTER,77,MASSACHUSETTS,AVE,428
STRATTON STUDENT CENTER,MAS76R,,,428
STRATTON STUDENT CENTER,84,MASSACHUSETTS,AVE,428
DU PONT ATHLETIC GYMNASIUM,120,MASSACHUSETTS,AVE,146
DU PONT ATHLETIC GYMNASIUM,77,MASSACHUSETTS,AVE,146
DU PONT ATHLETIC GYMNASIUM,MAS120,,,146
DU PONT ATHLETIC GYMNASIUM,120,MASSACHUSETTS,AVE,146
DU PONT ATHLETIC CENTER,100,MASSACHUSETTS,AVE,89
DU PONT ATHLETIC CENTER,77,MASSACHUSETTS,AVE,89
DU PONT ATHLETIC CENTER,MAS120,,,89
DU PONT ATHLETIC CENTER,100,MASSACHUSETTS,AVE,89
ROCKWELL CAGE,100,MASSACHUSETTS,AVE,7
ROCKWELL CAGE,106,VASSAR,ST,7
ROCKWELL CAGE,77,MASSACHUSETTS,AVE,7
ROCKWELL CAGE,VAS106,,,7
ROCKWELL CAGE,106,VASSAR,ST,7
JOHNSON ATHLETICS CENTER,120,VASSAR,ST,73
JOHNSON ATHLETICS CENTER,77,MASSACHUSETTS,AVE,73
JOHNSON ATHLETICS CENTER,VAS106,,,73
JOHNSON ATHLETICS CENTER,120,VASSAR,ST,73
SPORTS & FITNESS CENTER,120,VASSAR,ST,219
SPORTS & FITNESS CENTER,77,MASSACHUSETTS,AVE,219
SPORTS & FITNESS CENTER,120,VASSAR,ST,219
WEST GARAGE,125,VASSAR,ST,27
WEST GARAGE,77,MASSACHUSETTS,AVE,27
WEST GARAGE,VAS125,,,27
WEST GARAGE,125,VASSAR,ST,27
BURTON-CONNER HOUSE,410,MEMORIAL,DR,683
BURTON-CONNER HOUSE,410,MEMORIAL,DR,683
BURTON-CONNER HOUSE,MEM410,,,683
BURTON-CONNER HOUSE,MEM405,,,683
BURTON-CONNER HOUSE,410,MEMORIAL,DR,683
405 MEMORIAL DRIVE,405,MEMORIAL,DR,85
405 MEMORIAL DRIVE,77,MASSACHUSETTS,AVE,85
405 MEMORIAL DRIVE,405,MEMORIAL,DR,85
CARR INDOOR TENNIS FACILITY,410,MEMORIAL,DR,1
CARR INDOOR TENNIS FACILITY,77,MASSACHUSETTS,AVE,1
CARR INDOOR TENNIS FACILITY,VAS160,,,1
CARR INDOOR TENNIS FACILITY,VAS170,,,1
CARR INDOOR TENNIS FACILITY,VAS106,,,1
CARR INDOOR TENNIS FACILITY,410,MEMORIAL,DR,1
CARR INDOOR TENNIS FACILITY (OFFICE),410,MEMORIAL,DR,10
CARR INDOOR TENNIS FACILITY (OFFICE),77,MASSACHUSETTS,AVE,10
CARR INDOOR TENNIS FACILITY (OFFICE),VAS170,,,10
CARR INDOOR TENNIS FACILITY (OFFICE),410,MEMORIAL,DR,10
DUPONT TENNIS COURTS (OFFICE),410,MEMORIAL,DR,2
DUPONT TENNIS COURTS (OFFICE),77,MASSACHUSETTS,AVE,2
DUPONT TENNIS COURTS (OFFICE),VAS170,,,2
DUPONT TENNIS COURTS (OFFICE),410,MEMORIAL,DR,2
BUILDING W53C,410,MEMORIAL,DR,1
BUILDING W53C,77,MASSACHUSETTS,AVE,1
BUILDING W53C,410,MEMORIAL,DR,1
CARR INDOOR TENNIS FACILITY(SVC),410,MEMORIAL,DR,1
CARR INDOOR TENNIS FACILITY(SVC),77,MASSACHUSETTS,AVE,1
CARR INDOOR TENNIS FACILITY(SVC),410,MEMORIAL,DR,1
BUILDING W56,169,VASSAR,ST,16
BUILDING W56,77,MASSACHUSETTS,AVE,16
BUILDING W56,169,VASSAR,ST,16
BUILDING W57,169,VASSAR,ST,3
BUILDING W57,169,VASSAR,ST,3
BUILDING W57A,169,VASSAR,ST,1
BUILDING W57A,169,VASSAR,ST,1
HEINZ BUILDING,201,VASSAR,ST,153
HEINZ BUILDING,77,MASSACHUSETTS,AVE,153
HEINZ BUILDING,VAS201,,,153
HEINZ BUILDING,201,VASSAR,ST,153
MACGREGOR HOUSE,450,MEMORIAL,DR,134
MACGREGOR HOUSE,450,MEMORIAL,DR,134
MACGREGOR HOUSE,MEM430,,,134
MACGREGOR HOUSE,450,MEMORIAL,DR,134
MACGREGOR HOUSE (A),450,MEMORIAL,DR,91
MACGREGOR HOUSE (A),450,MEMORIAL,DR,91
MACGREGOR HOUSE (B),450,MEMORIAL,DR,91
MACGREGOR HOUSE (B),450,MEMORIAL,DR,91
MACGREGOR HOUSE (C),450,MEMORIAL,DR,91
MACGREGOR HOUSE (C),450,MEMORIAL,DR,91
MACGREGOR HOUSE (D),450,MEMORIAL,DR,91
MACGREGOR HOUSE (D),450,MEMORIAL,DR,91
MACGREGOR HOUSE (E),450,MEMORIAL,DR,88
MACGREGOR HOUSE (E),450,MEMORIAL,DR,88
MACGREGOR HOUSE (F),450,MEMORIAL,DR,103
MACGREGOR HOUSE (F),450,MEMORIAL,DR,103
MACGREGOR HOUSE (G),450,MEMORIAL,DR,99
MACGREGOR HOUSE (G),450,MEMORIAL,DR,99
MACGREGOR HOUSE (H),450,MEMORIAL,DR,103
MACGREGOR HOUSE (H),450,MEMORIAL,DR,103
MACGREGOR HOUSE (J),450,MEMORIAL,DR,75
MACGREGOR HOUSE (J),450,MEMORIAL,DR,75
MACGREGOR HOUSE (M),450,MEMORIAL,DR,4
MACGREGOR HOUSE (M),450,MEMORIAL,DR,4
BUILDING W64,219,VASSAR,ST,62
BUILDING W64,77,MASSACHUSETTS,AVE,62
BUILDING W64,219,VASSAR,ST,62
NEW HOUSE,471,MEMORIAL,DR,13
NEW HOUSE,472,MEMORIAL,DR,13
NEW HOUSE,473,MEMORIAL,DR,13
NEW HOUSE,474,MEMORIAL,DR,13
NEW HOUSE,475,MEMORIAL,DR,13
NEW HOUSE,476,MEMORIAL,DR,13
NEW HOUSE,471-476,MEMORIAL,DR,13
NEW HOUSE,MEM430,,,13
NEW HOUSE,471-476,MEMORIAL,DR,13
NEW HOUSE (A),471,MEMORIAL,DRIVE,104
NEW HOUSE (A),471-476,MEMORIAL,DR,104
NEW HOUSE (B),471,MEMORIAL,DRIVE,91
NEW HOUSE (B),471-476,MEMORIAL,DR,91
NEW HOUSE (C),471,MEMORIAL,DRIVE,101
NEW HOUSE (C),471-476,MEMORIAL,DR,101
NEW HOUSE (D),471,MEMORIAL,DRIVE,98
NEW HOUSE (D),471-476,MEMORIAL,DR,98
NEW HOUSE (E),471,MEMORIAL,DRIVE,104
NEW HOUSE (E),471-476,MEMORIAL,DR,104
NEW HOUSE (F),471,MEMORIAL,DRIVE,93
NEW HOUSE (F),476,MEMORIAL,DRIVE,93
NEW HOUSE (F),471-476,MEMORIAL,DR,93
NEW HOUSE (G),471,MEMORIAL,DRIVE,14
NEW HOUSE (G),476,MEMORIAL,DRIVE,14
NEW HOUSE (G),471-476,MEMORIAL,DR,14
NEXT HOUSE,500,MEMORIAL,DR,507
NEXT HOUSE,500,MEMORIAL,DR,507
NEXT HOUSE,MEM531,,,507
NEXT HOUSE,MEM430,,,507
NEXT HOUSE,500,MEMORIAL,DR,507
SIMMONS HALL,229,VASSAR,ST,910
SIMMONS HALL,229,VASSAR,ST,910
SIMMONS HALL,229,VASSAR,ST,910
TANG HALL,550,MEMORIAL,DR,308
TANG HALL,550,MEMORIAL,DR,308
TANG HALL,MEM531R,,,308
TANG HALL,MEM531,,,308
TANG HALL,550,MEMORIAL,DR,308
WESTGATE,540,MEMORIAL,DR,327
WESTGATE,WESTGATE,,,327
WESTGATE,MEM545R,,,327
WESTGATE,540,MEMORIAL,DR,327
WESTGATE (A),11,AUDREY,ST,11
WESTGATE (A),MEM545R,,,11
WESTGATE (A),11,AUDREY,ST,11
WESTGATE (ABC),11,AUDREY,ST,0
WESTGATE (ABC),13,AUDREY,ST,0
WESTGATE (ABC),15,AUDREY,ST,0
WESTGATE (ABC),11-13-15,AUDREY,ST,0
WESTGATE (B),13,AUDREY,ST,10
WESTGATE (B),MEM545R,,,10
WESTGATE (B),13,AUDREY,ST,10
WESTGATE (C),15,AUDREY,ST,10
WESTGATE (C),MEM545R,,,10
WESTGATE (C),15,AUDREY,ST,10
WESTGATE (D),292,VASSAR,ST,10
WESTGATE (D),MEM545R,,,10
WESTGATE (D),292,VASSAR,ST,10
WESTGATE (DE),290,VASSAR,ST,0
WESTGATE (DE),292,VASSAR,ST,0
WESTGATE (DE),292-290,VASSAR,ST,0
WESTGATE (E),290,VASSAR,ST,10
WESTGATE (E),MEM545R,,,10
WESTGATE (E),290,VASSAR,ST,10
WESTGATE (F),286,VASSAR,ST,10
WESTGATE (F),MEM545R,,,10
WESTGATE (F),286,VASSAR,ST,10
WESTGATE (FG),284,VASSAR,ST,0
WESTGATE (FG),286,VASSAR,ST,0
WESTGATE (FG),286-284,VASSAR,ST,0
WESTGATE (G),284,VASSAR,ST,10
WESTGATE (G),MEM545R,,,10
WESTGATE (G),284,VASSAR,ST,10
WESTGATE (H),282,VASSAR,ST,10
WESTGATE (H),MEM545R,,,10
WESTGATE (H),282,VASSAR,ST,10
WESTGATE (HJK),278,VASSAR,ST,0
WESTGATE (HJK),280,VASSAR,ST,0
WESTGATE (HJK),282,VASSAR,ST,0
WESTGATE (HJK),282-280-278,VASSAR,ST,0
WESTGATE (J),280,VASSAR,ST,10
WESTGATE (J),280,VASSAR,ST,10
WESTGATE (K),278,VASSAR,ST,10
WESTGATE (K),MEM545R,,,10
WESTGATE (K),278,VASSAR,ST,10
MIT POLICE,301,VASSAR,ST,81
MIT POLICE,77,MASSACHUSETTS,AVE,81
MIT POLICE,301,VASSAR,ST,81
INFORMATION SYSTEMS OPERATIONS,565,MEMORIAL,DR,170
INFORMATION SYSTEMS OPERATIONS,570,MEMORIAL,DR,170
INFORMATION SYSTEMS OPERATIONS,77,MASSACHUSETTS,AVE,170
INFORMATION SYSTEMS OPERATIONS,MEM565,,,170
INFORMATION SYSTEMS OPERATIONS,565-570,MEMORIAL,DR,170
BUILDING W92,304,VASSAR,ST,356
BUILDING W92,77,MASSACHUSETTS,AVE,356
BUILDING W92,304,VASSAR,ST,356
BUILDING W98,600,MEMORIAL,DR,532
BUILDING W98,77,MASSACHUSETTS,AVE,532
BUILDING W98,600,MEMORIAL,DR,532
BUILDING WW15,350,BROOKLINE,ST,108
BUILDING WW15,77,MASSACHUSETTS,AVE,108
BUILDING WW15,BRO350,,,108
BUILDING WW15,350,BROOKLINE,ST,108
BUILDING WW25,142,WAVERLY,ST,2
BUILDING WW25,631,PUTNAM,,2
BUILDING WW25,9,CHESTNUT,,2
BUILDING WW25,77,MASSACHUSETTS,AVE,2
BUILDING WW25,142,WAVERLY,ST,2
