year,region,name,ratio
2005,15,Northern Africa,0.93
2005,15,Northern Africa,0.99
2005,15,Northern Africa,1.07
2010,15,Northern Africa,0.95
2010,15,Northern Africa,0.98
2010,15,Northern Africa,1.07
2015,15,Northern Africa,0.97
2015,15,Northern Africa,0.99
2015,15,Northern Africa,1.06
2018,15,Northern Africa,0.97
2018,15,Northern Africa,1.0
2018,15,Northern Africa,1.07
2019,15,Northern Africa,0.98
2019,15,Northern Africa,1.01
2019,15,Northern Africa,1.09
2020,15,Northern Africa,0.98
2020,15,Northern Africa,1.01
2020,15,Northern Africa,1.1
2005,202,Sub-Saharan Africa,0.88
2005,202,Sub-Saharan Africa,0.78
2005,202,Sub-Saharan Africa,0.78
2010,202,Sub-Saharan Africa,0.93
2010,202,Sub-Saharan Africa,0.82
2010,202,Sub-Saharan Africa,0.78
2015,202,Sub-Saharan Africa,0.96
2015,202,Sub-Saharan Africa,0.86
2015,202,Sub-Saharan Africa,0.81
2018,202,Sub-Saharan Africa,0.96
2018,202,Sub-Saharan Africa,0.89
2018,202,Sub-Saharan Africa,0.84
2019,202,Sub-Saharan Africa,0.96
2019,202,Sub-Saharan Africa,0.89
2019,202,Sub-Saharan Africa,0.85
2020,202,Sub-Saharan Africa,0.96
2020,202,Sub-Saharan Africa,0.89
2020,202,Sub-Saharan Africa,0.86
2005,21,Northern America,0.99
2005,21,Northern America,1.01
2005,21,Northern America,1.05
2010,21,Northern America,1.0
2010,21,Northern America,1.01
2010,21,Northern America,1.02
2015,21,Northern America,1.0
2015,21,Northern America,1.01
2015,21,Northern America,1.02
2018,21,Northern America,1.0
2018,21,Northern America,0.99
2018,21,Northern America,0.99
2019,21,Northern America,1.01
2019,21,Northern America,0.99
2019,21,Northern America,0.98
2020,21,Northern America,1.01
2020,21,Northern America,0.99
2020,21,Northern America,0.98
2005,419,Latin America & the Caribbean,0.97
2005,419,Latin America & the Caribbean,1.07
2005,419,Latin America & the Caribbean,1.12
2010,419,Latin America & the Caribbean,0.97
2010,419,Latin America & the Caribbean,1.08
2010,419,Latin America & the Caribbean,1.16
2015,419,Latin America & the Caribbean,0.98
2015,419,Latin America & the Caribbean,1.05
2015,419,Latin America & the Caribbean,1.11
2018,419,Latin America & the Caribbean,0.99
2018,419,Latin America & the Caribbean,1.04
2018,419,Latin America & the Caribbean,1.1
2019,419,Latin America & the Caribbean,0.98
2019,419,Latin America & the Caribbean,1.05
2019,419,Latin America & the Caribbean,1.1
2020,419,Latin America & the Caribbean,0.99
2020,419,Latin America & the Caribbean,1.05
2020,419,Latin America & the Caribbean,1.09
2005,143,Central Asia,0.99
2005,143,Central Asia,0.96
2005,143,Central Asia,0.98
2010,143,Central Asia,0.99
2010,143,Central Asia,0.98
2010,143,Central Asia,1.0
2015,143,Central Asia,0.99
2015,143,Central Asia,0.99
2015,143,Central Asia,1.01
2018,143,Central Asia,0.99
2018,143,Central Asia,0.98
2018,143,Central Asia,0.98
2019,143,Central Asia,0.99
2019,143,Central Asia,0.99
2019,143,Central Asia,1.0
2020,143,Central Asia,0.99
2020,143,Central Asia,0.98
2020,143,Central Asia,0.98
2005,30,Eastern Asia,1.0
2005,30,Eastern Asia,0.98
2005,30,Eastern Asia,0.98
2010,30,Eastern Asia,0.98
2010,30,Eastern Asia,1.0
2010,30,Eastern Asia,0.99
2015,30,Eastern Asia,1.0
2015,30,Eastern Asia,1.02
2015,30,Eastern Asia,1.04
2018,30,Eastern Asia,1.01
2018,30,Eastern Asia,1.02
2018,30,Eastern Asia,1.04
2019,30,Eastern Asia,1.01
2019,30,Eastern Asia,1.02
2019,30,Eastern Asia,1.03
2020,30,Eastern Asia,1.01
2020,30,Eastern Asia,1.02
2020,30,Eastern Asia,1.03
2005,35,South-eastern Asia,0.97
2005,35,South-eastern Asia,1.0
2005,35,South-eastern Asia,0.98
2010,35,South-eastern Asia,1.0
2010,35,South-eastern Asia,1.01
2010,35,South-eastern Asia,0.98
2015,35,South-eastern Asia,0.97
2015,35,South-eastern Asia,1.01
2015,35,South-eastern Asia,0.97
2018,35,South-eastern Asia,0.98
2018,35,South-eastern Asia,1.03
2018,35,South-eastern Asia,1.05
2019,35,South-eastern Asia,0.98
2019,35,South-eastern Asia,1.03
2019,35,South-eastern Asia,1.05
2020,35,South-eastern Asia,0.98
2020,35,South-eastern Asia,1.03
2020,35,South-eastern Asia,1.05
2005,34,Southern Asia,0.96
2005,34,Southern Asia,0.86
2005,34,Southern Asia,0.81
2010,34,Southern Asia,1.0
2010,34,Southern Asia,0.93
2010,34,Southern Asia,0.9
2015,34,Southern Asia,1.06
2015,34,Southern Asia,1.0
2015,34,Southern Asia,0.95
2018,34,Southern Asia,0.99
2018,34,Southern Asia,1.0
2018,34,Southern Asia,0.97
2019,34,Southern Asia,0.99
2019,34,Southern Asia,1.01
2019,34,Southern Asia,0.98
2020,34,Southern Asia,1.0
2020,34,Southern Asia,0.99
2020,34,Southern Asia,0.95
2005,145,Western Asia,0.91
2005,145,Western Asia,0.86
2005,145,Western Asia,0.84
2010,145,Western Asia,0.93
2010,145,Western Asia,0.91
2010,145,Western Asia,0.9
2015,145,Western Asia,0.94
2015,145,Western Asia,0.94
2015,145,Western Asia,0.93
2018,145,Western Asia,0.94
2018,145,Western Asia,0.94
2018,145,Western Asia,0.93
2019,145,Western Asia,0.94
2019,145,Western Asia,0.92
2019,145,Western Asia,0.9
2020,145,Western Asia,0.94
2020,145,Western Asia,0.93
2020,145,Western Asia,0.91
2005,150,Europe,0.99
2005,150,Europe,1.0
2005,150,Europe,1.01
2010,150,Europe,0.99
2010,150,Europe,0.99
2010,150,Europe,0.99
2015,150,Europe,1.0
2015,150,Europe,1.0
2015,150,Europe,1.0
2018,150,Europe,1.0
2018,150,Europe,0.99
2018,150,Europe,1.0
2019,150,Europe,1.0
2019,150,Europe,1.0
2019,150,Europe,1.0
2020,150,Europe,1.0
2020,150,Europe,1.0
2020,150,Europe,1.0
2005,9,Oceania,0.98
2005,9,Oceania,0.97
2005,9,Oceania,0.95
2010,9,Oceania,0.97
2010,9,Oceania,0.93
2010,9,Oceania,0.92
2015,9,Oceania,0.97
2015,9,Oceania,0.89
2015,9,Oceania,0.88
2018,9,Oceania,0.98
2018,9,Oceania,0.94
2018,9,Oceania,0.99
2019,9,Oceania,0.97
2019,9,Oceania,0.94
2019,9,Oceania,0.96
2020,9,Oceania,0.98
2020,9,Oceania,0.94
2020,9,Oceania,0.96
2010,4,Afghanistan,0.68
2010,4,Afghanistan,0.5
2010,4,Afghanistan,0.42
2015,4,Afghanistan,0.68
2015,4,Afghanistan,0.56
2015,4,Afghanistan,0.52
2018,4,Afghanistan,0.67
2018,4,Afghanistan,0.57
2018,4,Afghanistan,0.54
2005,8,Albania,1.01
2005,8,Albania,0.97
2005,8,Albania,0.91
2010,8,Albania,1.01
2010,8,Albania,1.01
2010,8,Albania,0.97
2015,8,Albania,1.03
2015,8,Albania,0.96
2015,8,Albania,0.9
2018,8,Albania,1.04
2018,8,Albania,1.01
2018,8,Albania,0.97
2019,8,Albania,1.03
2019,8,Albania,1.01
2019,8,Albania,0.98
2020,8,Albania,1.03
2020,8,Albania,1.02
2020,8,Albania,1.01
2005,12,Algeria,0.93
2005,12,Algeria,1.1
2005,12,Algeria,1.48
2010,12,Algeria,0.94
2010,12,Algeria,1.04
2010,12,Algeria,1.42
2015,12,Algeria,0.95
2018,12,Algeria,0.96
2019,12,Algeria,0.96
2020,12,Algeria,0.97
2010,24,Angola,0.8
2010,24,Angola,0.68
2010,24,Angola,0.56
2015,24,Angola,0.87
2010,28,Antigua and Barbuda,0.92
2010,28,Antigua and Barbuda,1.05
2010,28,Antigua and Barbuda,1.53
2015,28,Antigua and Barbuda,0.97
2015,28,Antigua and Barbuda,1.02
2015,28,Antigua and Barbuda,1.15
2018,28,Antigua and Barbuda,0.99
2018,28,Antigua and Barbuda,0.96
2018,28,Antigua and Barbuda,1.13
2005,32,Argentina,0.99
2005,32,Argentina,1.09
2005,32,Argentina,1.16
2010,32,Argentina,0.99
2010,32,Argentina,1.1
2010,32,Argentina,1.2
2015,32,Argentina,1.0
2015,32,Argentina,1.06
2015,32,Argentina,1.15
2018,32,Argentina,1.0
2018,32,Argentina,1.04
2018,32,Argentina,1.12
2019,32,Argentina,1.0
2019,32,Argentina,1.04
2019,32,Argentina,1.1
2005,51,Armenia,1.02
2010,51,Armenia,1.03
2010,51,Armenia,0.98
2010,51,Armenia,0.96
2015,51,Armenia,1.02
2015,51,Armenia,1.05
2015,51,Armenia,1.11
2018,51,Armenia,1.0
2018,51,Armenia,1.04
2018,51,Armenia,1.08
2019,51,Armenia,1.01
2019,51,Armenia,1.05
2019,51,Armenia,1.12
2020,51,Armenia,1.01
2020,51,Armenia,1.04
2020,51,Armenia,1.1
2005,36,Australia,1.02
2010,36,Australia,1.0
2015,36,Australia,1.0
2015,36,Australia,0.87
2015,36,Australia,0.85
2018,36,Australia,1.0
2018,36,Australia,0.94
2018,36,Australia,0.96
2019,36,Australia,1.0
2019,36,Australia,0.93
2019,36,Australia,0.93
2005,40,Austria,1.0
2005,40,Austria,0.95
2005,40,Austria,0.91
2010,40,Austria,0.99
2010,40,Austria,0.96
2010,40,Austria,0.93
2015,40,Austria,0.99
2015,40,Austria,0.96
2015,40,Austria,0.94
2018,40,Austria,0.99
2018,40,Austria,0.96
2018,40,Austria,0.93
2019,40,Austria,0.99
2019,40,Austria,0.97
2019,40,Austria,0.95
2005,31,Azerbaijan,0.95
2010,31,Azerbaijan,0.99
2015,31,Azerbaijan,0.98
2018,31,Azerbaijan,1.01
2018,31,Azerbaijan,1.0
2018,31,Azerbaijan,1.03
2019,31,Azerbaijan,1.03
2019,31,Azerbaijan,1.0
2019,31,Azerbaijan,1.01
2020,31,Azerbaijan,1.04
2020,31,Azerbaijan,0.98
2020,31,Azerbaijan,0.95
2005,44,Bahamas,0.97
2005,44,Bahamas,0.99
2005,44,Bahamas,1.05
2010,44,Bahamas,1.04
2010,44,Bahamas,1.07
2005,48,Bahrain,1.04
2005,48,Bahrain,1.11
2005,48,Bahrain,1.19
2015,48,Bahrain,1.01
2015,48,Bahrain,0.99
2015,48,Bahrain,1.03
2018,48,Bahrain,0.99
2018,48,Bahrain,1.06
2018,48,Bahrain,1.05
2019,48,Bahrain,0.99
2019,48,Bahrain,1.09
2019,48,Bahrain,1.12
2010,48,Bahrain,1.01
2010,48,Bahrain,1.05
2005,50,Bangladesh,1.05
2005,50,Bangladesh,1.07
2005,50,Bangladesh,0.97
2010,50,Bangladesh,1.06
2010,50,Bangladesh,1.12
2010,50,Bangladesh,0.97
2018,50,Bangladesh,1.07
2018,50,Bangladesh,1.16
2018,50,Bangladesh,1.04
2020,50,Bangladesh,1.09
2020,50,Bangladesh,1.21
2020,50,Bangladesh,1.12
2015,50,Bangladesh,1.13
2015,50,Bangladesh,0.99
2019,50,Bangladesh,1.17
2019,50,Bangladesh,1.06
2005,52,Barbados,1.0
2005,52,Barbados,0.99
2005,52,Barbados,1.03
2010,52,Barbados,1.02
2010,52,Barbados,1.0
2010,52,Barbados,1.08
2015,52,Barbados,0.99
2015,52,Barbados,1.04
2015,52,Barbados,1.05
2018,52,Barbados,0.96
2018,52,Barbados,1.04
2018,52,Barbados,1.09
2019,52,Barbados,0.96
2019,52,Barbados,1.04
2019,52,Barbados,1.08
2020,52,Barbados,0.97
2020,52,Barbados,1.03
2020,52,Barbados,1.13
2005,112,Belarus,0.97
2010,112,Belarus,1.0
2010,112,Belarus,0.97
2010,112,Belarus,0.93
2015,112,Belarus,1.0
2015,112,Belarus,0.98
2015,112,Belarus,0.95
2018,112,Belarus,1.0
2018,112,Belarus,0.99
2018,112,Belarus,0.94
2005,56,Belgium,1.0
2005,56,Belgium,1.12
2005,56,Belgium,1.1
2010,56,Belgium,1.0
2010,56,Belgium,1.14
2010,56,Belgium,1.18
2015,56,Belgium,1.0
2015,56,Belgium,1.14
2015,56,Belgium,1.18
2018,56,Belgium,1.0
2018,56,Belgium,1.12
2018,56,Belgium,1.17
2019,56,Belgium,1.01
2019,56,Belgium,1.13
2019,56,Belgium,1.17
2005,84,Belize,0.96
2005,84,Belize,1.03
2005,84,Belize,1.16
2010,84,Belize,0.96
2010,84,Belize,1.08
2010,84,Belize,1.2
2015,84,Belize,0.95
2015,84,Belize,1.03
2015,84,Belize,1.13
2018,84,Belize,0.95
2018,84,Belize,1.04
2018,84,Belize,1.22
2019,84,Belize,0.97
2019,84,Belize,1.02
2019,84,Belize,1.17
2020,84,Belize,0.95
2020,84,Belize,1.04
2020,84,Belize,1.17
2005,204,Benin,0.79
2005,204,Benin,0.51
2010,204,Benin,0.89
2015,204,Benin,0.93
2015,204,Benin,0.71
2015,204,Benin,0.5
2018,204,Benin,0.94
2019,204,Benin,0.93
2020,204,Benin,0.93
2020,204,Benin,0.81
2020,204,Benin,0.65
2005,64,Bhutan,0.97
2005,64,Bhutan,0.92
2005,64,Bhutan,0.69
2010,64,Bhutan,1.02
2010,64,Bhutan,1.04
2010,64,Bhutan,0.91
2015,64,Bhutan,1.01
2015,64,Bhutan,1.07
2015,64,Bhutan,0.98
2018,64,Bhutan,1.0
2018,64,Bhutan,1.13
2018,64,Bhutan,1.06
2020,64,Bhutan,1.02
2005,68,Bolivia (Plurin. State of),1.0
2005,68,Bolivia (Plurin. State of),0.95
2005,68,Bolivia (Plurin. State of),0.95
2010,68,Bolivia (Plurin. State of),0.99
2010,68,Bolivia (Plurin. State of),1.0
2010,68,Bolivia (Plurin. State of),1.01
2015,68,Bolivia (Plurin. State of),0.98
2015,68,Bolivia (Plurin. State of),0.99
2015,68,Bolivia (Plurin. State of),1.0
2018,68,Bolivia (Plurin. State of),0.99
2018,68,Bolivia (Plurin. State of),0.98
2018,68,Bolivia (Plurin. State of),1.0
2019,68,Bolivia (Plurin. State of),0.99
2019,68,Bolivia (Plurin. State of),0.98
2019,68,Bolivia (Plurin. State of),1.01
2019,70,Bosnia and Herzegovina,1.04
2020,70,Bosnia and Herzegovina,1.04
2005,72,Botswana,0.99
2005,72,Botswana,1.03
2005,72,Botswana,0.97
2015,72,Botswana,0.98
2005,76,Brazil,0.94
2005,76,Brazil,1.1
2005,76,Brazil,1.17
2015,76,Brazil,0.96
2015,76,Brazil,1.06
2015,76,Brazil,1.17
2018,76,Brazil,0.97
2018,76,Brazil,1.03
2018,76,Brazil,1.13
2019,76,Brazil,0.96
2019,76,Brazil,1.05
2019,76,Brazil,1.13
2018,96,Brunei Darussalam,1.01
2018,96,Brunei Darussalam,1.02
2018,96,Brunei Darussalam,1.04
2019,96,Brunei Darussalam,1.01
2019,96,Brunei Darussalam,1.03
2019,96,Brunei Darussalam,1.05
2020,96,Brunei Darussalam,1.0
2020,96,Brunei Darussalam,1.03
2020,96,Brunei Darussalam,1.05
2005,100,Bulgaria,0.99
2005,100,Bulgaria,0.96
2005,100,Bulgaria,0.98
2010,100,Bulgaria,1.0
2010,100,Bulgaria,0.96
2010,100,Bulgaria,0.97
2015,100,Bulgaria,0.99
2015,100,Bulgaria,0.97
2015,100,Bulgaria,0.98
2018,100,Bulgaria,0.99
2018,100,Bulgaria,0.97
2018,100,Bulgaria,0.96
2019,100,Bulgaria,0.99
2019,100,Bulgaria,0.98
2019,100,Bulgaria,0.98
2005,854,Burkina Faso,0.8
2005,854,Burkina Faso,0.71
2005,854,Burkina Faso,0.6
2010,854,Burkina Faso,0.91
2010,854,Burkina Faso,0.76
2010,854,Burkina Faso,0.61
2015,854,Burkina Faso,0.97
2015,854,Burkina Faso,0.92
2015,854,Burkina Faso,0.66
2018,854,Burkina Faso,0.98
2018,854,Burkina Faso,1.0
2018,854,Burkina Faso,0.72
2019,854,Burkina Faso,0.99
2019,854,Burkina Faso,1.03
2019,854,Burkina Faso,0.79
2020,854,Burkina Faso,1.01
2020,854,Burkina Faso,1.06
2020,854,Burkina Faso,0.83
2005,108,Burundi,0.86
2005,108,Burundi,0.74
2005,108,Burundi,0.66
2010,108,Burundi,0.99
2010,108,Burundi,0.72
2010,108,Burundi,0.59
2015,108,Burundi,1.03
2015,108,Burundi,0.94
2015,108,Burundi,0.74
2018,108,Burundi,1.01
2018,108,Burundi,1.11
2018,108,Burundi,0.96
2019,108,Burundi,1.01
2019,108,Burundi,1.15
2019,108,Burundi,1.02
2005,132,Cabo Verde,0.96
2005,132,Cabo Verde,1.13
2005,132,Cabo Verde,1.14
2010,132,Cabo Verde,0.93
2010,132,Cabo Verde,1.19
2010,132,Cabo Verde,1.32
2015,132,Cabo Verde,0.93
2015,132,Cabo Verde,1.12
2015,132,Cabo Verde,1.28
2018,132,Cabo Verde,0.93
2018,132,Cabo Verde,1.1
2018,132,Cabo Verde,1.27
2019,132,Cabo Verde,0.94
2019,132,Cabo Verde,1.09
2019,132,Cabo Verde,1.24
2005,116,Cambodia,0.93
2010,116,Cambodia,0.94
2015,116,Cambodia,0.99
2018,116,Cambodia,0.98
2019,116,Cambodia,0.97
2020,116,Cambodia,0.97
2020,116,Cambodia,1.08
2020,116,Cambodia,0.99
2005,120,Cameroon,0.84
2005,120,Cameroon,0.79
2005,120,Cameroon,0.77
2010,120,Cameroon,0.86
2015,120,Cameroon,0.9
2015,120,Cameroon,0.86
2015,120,Cameroon,0.81
2018,120,Cameroon,0.9
2019,120,Cameroon,0.9
2020,120,Cameroon,0.87
2005,124,Canada,0.99
2005,124,Canada,0.98
2005,124,Canada,0.98
2010,124,Canada,1.01
2010,124,Canada,0.98
2010,124,Canada,0.97
2015,124,Canada,1.01
2015,124,Canada,1.01
2015,124,Canada,1.01
2018,124,Canada,1.0
2018,124,Canada,1.01
2018,124,Canada,1.01
2019,124,Canada,0.99
2019,124,Canada,1.01
2019,124,Canada,1.01
2010,140,Central African Republic,0.73
2005,148,Chad,0.68
2005,148,Chad,0.35
2005,148,Chad,0.28
2010,148,Chad,0.73
2010,148,Chad,0.42
2010,148,Chad,0.36
2015,148,Chad,0.77
2015,148,Chad,0.45
2015,148,Chad,0.35
2018,148,Chad,0.78
2018,148,Chad,0.52
2018,148,Chad,0.44
2019,148,Chad,0.78
2019,148,Chad,0.53
2019,148,Chad,0.44
2005,152,Chile,0.96
2005,152,Chile,1.01
2005,152,Chile,1.03
2010,152,Chile,0.97
2010,152,Chile,1.03
2010,152,Chile,1.05
2015,152,Chile,0.97
2015,152,Chile,1.01
2015,152,Chile,1.02
2019,152,Chile,0.97
2019,152,Chile,0.99
2019,152,Chile,1.0
2010,156,China,0.98
2010,156,China,1.0
2010,156,China,0.98
2015,156,China,1.0
2015,156,China,1.05
2018,156,China,1.01
2018,156,China,1.04
2019,156,China,1.01
2019,156,China,1.04
2020,156,China,1.01
2020,156,China,1.03
2005,170,Colombia,0.98
2005,170,Colombia,1.11
2005,170,Colombia,1.19
2010,170,Colombia,0.98
2010,170,Colombia,1.1
2010,170,Colombia,1.2
2015,170,Colombia,0.97
2015,170,Colombia,1.07
2015,170,Colombia,1.18
2018,170,Colombia,0.97
2018,170,Colombia,1.05
2018,170,Colombia,1.15
2019,170,Colombia,0.97
2019,170,Colombia,1.05
2019,170,Colombia,1.14
2018,174,Comoros,1.0
2018,174,Comoros,1.07
2018,174,Comoros,1.11
2005,178,Congo,0.93
2010,178,Congo,0.95
2018,178,Congo,0.97
2005,188,Costa Rica,0.97
2005,188,Costa Rica,1.04
2005,188,Costa Rica,1.14
2010,188,Costa Rica,0.98
2010,188,Costa Rica,1.04
2010,188,Costa Rica,1.16
2015,188,Costa Rica,0.99
2015,188,Costa Rica,1.04
2015,188,Costa Rica,1.18
2018,188,Costa Rica,1.01
2018,188,Costa Rica,1.08
2018,188,Costa Rica,1.2
2019,188,Costa Rica,1.01
2019,188,Costa Rica,1.08
2019,188,Costa Rica,1.17
2020,188,Costa Rica,1.02
2020,188,Costa Rica,1.09
2020,188,Costa Rica,1.18
2015,384,Côte d’Ivoire,0.88
2015,384,Côte d’Ivoire,0.7
2015,384,Côte d’Ivoire,0.66
2018,384,Côte d’Ivoire,0.93
2018,384,Côte d’Ivoire,0.77
2018,384,Côte d’Ivoire,0.7
2019,384,Côte d’Ivoire,0.94
2019,384,Côte d’Ivoire,0.79
2019,384,Côte d’Ivoire,0.71
2020,384,Côte d’Ivoire,0.94
2020,384,Côte d’Ivoire,0.83
2020,384,Côte d’Ivoire,0.75
2005,191,Croatia,1.0
2005,191,Croatia,1.03
2005,191,Croatia,1.05
2010,191,Croatia,1.0
2010,191,Croatia,1.07
2010,191,Croatia,1.12
2015,191,Croatia,1.0
2015,191,Croatia,1.05
2015,191,Croatia,1.05
2018,191,Croatia,1.0
2018,191,Croatia,1.05
2018,191,Croatia,1.05
2019,191,Croatia,1.01
2019,191,Croatia,1.05
2019,191,Croatia,1.05
2005,192,Cuba,0.97
2005,192,Cuba,1.02
2005,192,Cuba,1.06
2010,192,Cuba,0.98
2010,192,Cuba,1.0
2010,192,Cuba,1.03
2015,192,Cuba,0.94
2015,192,Cuba,1.02
2015,192,Cuba,1.11
2018,192,Cuba,0.96
2018,192,Cuba,1.02
2018,192,Cuba,1.09
2019,192,Cuba,0.97
2019,192,Cuba,1.01
2019,192,Cuba,1.08
2020,192,Cuba,0.97
2020,192,Cuba,1.01
2020,192,Cuba,1.07
2005,196,Cyprus,1.0
2005,196,Cyprus,1.02
2005,196,Cyprus,1.03
2010,196,Cyprus,1.0
2010,196,Cyprus,1.01
2010,196,Cyprus,1.02
2015,196,Cyprus,1.0
2015,196,Cyprus,0.99
2015,196,Cyprus,0.99
2018,196,Cyprus,0.99
2018,196,Cyprus,0.98
2018,196,Cyprus,0.96
2019,196,Cyprus,0.99
2019,196,Cyprus,0.97
2019,196,Cyprus,0.96
2005,203,Czechia,0.99
2005,203,Czechia,1.02
2005,203,Czechia,1.03
2010,203,Czechia,1.0
2010,203,Czechia,1.01
2010,203,Czechia,1.01
2015,203,Czechia,1.0
2015,203,Czechia,1.01
2015,203,Czechia,1.02
2018,203,Czechia,1.01
2018,203,Czechia,1.0
2018,203,Czechia,1.01
2019,203,Czechia,1.0
2019,203,Czechia,1.01
2019,203,Czechia,1.02
2018,408,Dem. People's Rep. Korea,1.0
2018,408,Dem. People's Rep. Korea,1.02
2015,408,Dem. People's Rep. Korea,1.01
2015,408,Dem. People's Rep. Korea,1.02
2010,180,Dem. Rep. of the Congo,0.87
2010,180,Dem. Rep. of the Congo,0.58
2010,180,Dem. Rep. of the Congo,0.52
2015,180,Dem. Rep. of the Congo,0.99
2015,180,Dem. Rep. of the Congo,0.64
2015,180,Dem. Rep. of the Congo,0.62
2018,180,Dem. Rep. of the Congo,0.94
2005,208,Denmark,1.0
2005,208,Denmark,1.04
2005,208,Denmark,1.05
2010,208,Denmark,1.0
2010,208,Denmark,1.01
2010,208,Denmark,1.0
2015,208,Denmark,0.99
2015,208,Denmark,1.05
2015,208,Denmark,1.08
2018,208,Denmark,1.0
2018,208,Denmark,1.0
2018,208,Denmark,1.02
2019,208,Denmark,1.0
2019,208,Denmark,0.99
2019,208,Denmark,1.01
2005,262,Djibouti,0.82
2005,262,Djibouti,0.66
2005,262,Djibouti,0.63
2015,262,Djibouti,1.07
2015,262,Djibouti,0.95
2015,262,Djibouti,0.89
2018,262,Djibouti,1.02
2018,262,Djibouti,1.0
2018,262,Djibouti,0.99
2019,262,Djibouti,1.0
2019,262,Djibouti,1.03
2019,262,Djibouti,0.99
2020,262,Djibouti,0.96
2020,262,Djibouti,1.03
2020,262,Djibouti,1.01
2005,212,Dominica,1.0
2005,212,Dominica,1.08
2005,212,Dominica,1.36
2010,212,Dominica,0.98
2010,212,Dominica,1.09
2010,212,Dominica,1.38
2015,212,Dominica,0.98
2015,212,Dominica,0.99
2015,212,Dominica,1.12
2019,212,Dominica,0.97
2019,212,Dominica,1.02
2019,212,Dominica,1.2
2020,212,Dominica,0.93
2020,212,Dominica,1.03
2020,212,Dominica,1.15
2005,214,Dominican Republic,0.95
2005,214,Dominican Republic,1.19
2005,214,Dominican Republic,1.24
2010,214,Dominican Republic,0.88
2010,214,Dominican Republic,1.12
2010,214,Dominican Republic,1.19
2015,214,Dominican Republic,0.91
2015,214,Dominican Republic,1.1
2015,214,Dominican Republic,1.15
2018,214,Dominican Republic,0.94
2018,214,Dominican Republic,1.08
2018,214,Dominican Republic,1.2
2019,214,Dominican Republic,0.95
2019,214,Dominican Republic,1.09
2019,214,Dominican Republic,1.19
2020,214,Dominican Republic,0.96
2020,214,Dominican Republic,1.09
2020,214,Dominican Republic,1.18
2005,218,Ecuador,1.0
2005,218,Ecuador,1.01
2005,218,Ecuador,1.07
2010,218,Ecuador,1.0
2010,218,Ecuador,1.05
2010,218,Ecuador,1.08
2015,218,Ecuador,1.0
2015,218,Ecuador,1.04
2015,218,Ecuador,1.06
2018,218,Ecuador,1.02
2018,218,Ecuador,1.03
2018,218,Ecuador,1.04
2019,218,Ecuador,1.02
2019,218,Ecuador,1.03
2019,218,Ecuador,1.04
2020,218,Ecuador,1.02
2020,218,Ecuador,1.02
2020,218,Ecuador,1.04
2018,818,Egypt,1.0
2018,818,Egypt,0.99
2018,818,Egypt,0.97
2019,818,Egypt,1.01
2019,818,Egypt,0.99
2019,818,Egypt,0.98
2005,222,El Salvador,0.97
2005,222,El Salvador,1.0
2005,222,El Salvador,1.04
2010,222,El Salvador,0.95
2010,222,El Salvador,0.99
2010,222,El Salvador,1.02
2015,222,El Salvador,0.96
2015,222,El Salvador,1.01
2015,222,El Salvador,1.05
2018,222,El Salvador,0.97
2018,222,El Salvador,0.99
2018,222,El Salvador,1.02
2019,222,El Salvador,0.98
2019,222,El Salvador,1.01
2019,222,El Salvador,1.04
2005,226,Equatorial Guinea,0.97
2005,226,Equatorial Guinea,0.74
2005,226,Equatorial Guinea,0.42
2010,226,Equatorial Guinea,0.99
2015,226,Equatorial Guinea,0.99
2005,232,Eritrea,0.81
2005,232,Eritrea,0.6
2005,232,Eritrea,0.53
2010,232,Eritrea,0.85
2010,232,Eritrea,0.77
2010,232,Eritrea,0.71
2015,232,Eritrea,0.86
2015,232,Eritrea,0.85
2015,232,Eritrea,0.85
2018,232,Eritrea,0.86
2018,232,Eritrea,0.91
2018,232,Eritrea,0.95
2005,233,Estonia,0.97
2005,233,Estonia,1.04
2005,233,Estonia,1.12
2010,233,Estonia,0.99
2010,233,Estonia,1.0
2010,233,Estonia,1.03
2015,233,Estonia,1.0
2015,233,Estonia,1.0
2015,233,Estonia,1.03
2018,233,Estonia,1.0
2018,233,Estonia,1.03
2018,233,Estonia,1.05
2019,233,Estonia,1.01
2019,233,Estonia,1.04
2019,233,Estonia,1.08
2005,748,Eswatini,0.93
2005,748,Eswatini,0.96
2005,748,Eswatini,0.88
2010,748,Eswatini,0.91
2010,748,Eswatini,0.95
2010,748,Eswatini,0.92
2015,748,Eswatini,0.91
2015,748,Eswatini,1.0
2015,748,Eswatini,0.99
2018,748,Eswatini,0.92
2019,748,Eswatini,0.92
2005,231,Ethiopia,0.84
2005,231,Ethiopia,0.6
2005,231,Ethiopia,0.67
2010,231,Ethiopia,0.92
2010,231,Ethiopia,0.83
2010,231,Ethiopia,0.7
2015,231,Ethiopia,0.91
2015,231,Ethiopia,0.96
2015,231,Ethiopia,0.98
2020,231,Ethiopia,0.91
2015,242,Fiji,0.98
2019,242,Fiji,0.96
2005,246,Finland,0.99
2005,246,Finland,1.05
2005,246,Finland,1.09
2010,246,Finland,0.99
2010,246,Finland,1.05
2010,246,Finland,1.09
2015,246,Finland,0.99
2015,246,Finland,1.1
2015,246,Finland,1.16
2018,246,Finland,0.99
2018,246,Finland,1.1
2018,246,Finland,1.17
2019,246,Finland,0.99
2019,246,Finland,1.1
2019,246,Finland,1.16
2005,250,France,0.99
2005,250,France,1.0
2005,250,France,1.02
2010,250,France,0.99
2010,250,France,1.01
2010,250,France,1.03
2015,250,France,0.99
2015,250,France,1.01
2015,250,France,1.03
2018,250,France,0.99
2018,250,France,1.01
2018,250,France,1.02
2019,250,France,0.99
2019,250,France,1.0
2019,250,France,1.01
2005,270,Gambia,1.03
2010,270,Gambia,1.03
2010,270,Gambia,0.96
2010,270,Gambia,0.87
2015,270,Gambia,1.07
2018,270,Gambia,1.09
2019,270,Gambia,1.11
2020,270,Gambia,1.12
2005,268,Georgia,1.04
2005,268,Georgia,1.04
2005,268,Georgia,1.05
2010,268,Georgia,1.01
2015,268,Georgia,1.0
2015,268,Georgia,1.03
2015,268,Georgia,1.05
2018,268,Georgia,1.01
2018,268,Georgia,1.01
2018,268,Georgia,1.03
2019,268,Georgia,1.01
2019,268,Georgia,1.01
2019,268,Georgia,1.01
2020,268,Georgia,1.01
2020,268,Georgia,1.01
2020,268,Georgia,1.01
2005,276,Germany,1.0
2005,276,Germany,0.97
2005,276,Germany,0.94
2010,276,Germany,0.99
2010,276,Germany,0.95
2010,276,Germany,0.89
2015,276,Germany,1.0
2015,276,Germany,0.95
2015,276,Germany,0.9
2018,276,Germany,1.01
2018,276,Germany,0.94
2018,276,Germany,0.89
2019,276,Germany,1.01
2019,276,Germany,0.95
2019,276,Germany,0.88
2005,288,Ghana,0.96
2005,288,Ghana,0.84
2005,288,Ghana,0.73
2015,288,Ghana,1.0
2015,288,Ghana,0.95
2015,288,Ghana,0.9
2018,288,Ghana,1.01
2018,288,Ghana,0.99
2018,288,Ghana,0.95
2019,288,Ghana,1.01
2019,288,Ghana,1.0
2019,288,Ghana,0.96
2020,288,Ghana,1.02
2020,288,Ghana,1.0
2020,288,Ghana,0.97
2005,300,Greece,0.98
2005,300,Greece,0.95
2005,300,Greece,0.96
2010,300,Greece,0.98
2010,300,Greece,0.97
2010,300,Greece,0.99
2015,300,Greece,0.99
2015,300,Greece,0.93
2015,300,Greece,0.91
2018,300,Greece,1.0
2018,300,Greece,0.95
2018,300,Greece,0.94
2019,300,Greece,1.01
2019,300,Greece,0.95
2019,300,Greece,0.94
2005,308,Grenada,0.97
2005,308,Grenada,1.03
2005,308,Grenada,1.15
2010,308,Grenada,0.96
2010,308,Grenada,1.03
2010,308,Grenada,1.26
2015,308,Grenada,0.96
2015,308,Grenada,0.98
2015,308,Grenada,1.1
2018,308,Grenada,0.98
2018,308,Grenada,1.03
2018,308,Grenada,1.08
2005,320,Guatemala,0.94
2005,320,Guatemala,0.92
2005,320,Guatemala,1.02
2010,320,Guatemala,0.98
2010,320,Guatemala,0.94
2010,320,Guatemala,1.01
2015,320,Guatemala,0.97
2015,320,Guatemala,0.94
2015,320,Guatemala,1.03
2018,320,Guatemala,0.97
2018,320,Guatemala,0.95
2018,320,Guatemala,1.05
2019,320,Guatemala,0.98
2019,320,Guatemala,0.96
2019,320,Guatemala,1.07
2020,320,Guatemala,0.98
2020,320,Guatemala,0.98
2020,320,Guatemala,1.08
2005,324,Guinea,0.8
2005,324,Guinea,0.49
2005,324,Guinea,0.44
2020,324,Guinea,0.85
2010,624,Guinea-Bissau,0.93
2005,328,Guyana,1.0
2005,328,Guyana,1.02
2005,328,Guyana,1.05
2010,328,Guyana,0.97
2010,328,Guyana,1.04
2010,328,Guyana,1.06
2005,340,Honduras,1.0
2010,340,Honduras,1.0
2010,340,Honduras,1.23
2010,340,Honduras,1.39
2015,340,Honduras,0.99
2015,340,Honduras,1.2
2015,340,Honduras,1.35
2019,340,Honduras,1.0
2019,340,Honduras,1.12
2019,340,Honduras,1.26
2020,340,Honduras,1.01
2020,340,Honduras,1.15
2020,340,Honduras,1.26
2005,348,Hungary,0.98
2005,348,Hungary,0.99
2005,348,Hungary,1.0
2010,348,Hungary,0.99
2010,348,Hungary,0.99
2010,348,Hungary,1.0
2015,348,Hungary,1.0
2015,348,Hungary,1.01
2015,348,Hungary,1.02
2018,348,Hungary,0.99
2018,348,Hungary,1.0
2018,348,Hungary,1.0
2019,348,Hungary,0.99
2019,348,Hungary,1.16
2019,348,Hungary,1.0
2005,352,Iceland,0.98
2005,352,Iceland,1.01
2005,352,Iceland,1.03
2010,352,Iceland,1.01
2010,352,Iceland,1.02
2010,352,Iceland,1.03
2015,352,Iceland,1.0
2015,352,Iceland,1.01
2015,352,Iceland,1.01
2018,352,Iceland,1.0
2018,352,Iceland,0.99
2018,352,Iceland,0.98
2019,352,Iceland,1.0
2019,352,Iceland,0.97
2019,352,Iceland,0.96
2010,356,India,1.03
2010,356,India,0.94
2010,356,India,0.9
2015,356,India,1.12
2015,356,India,1.02
2015,356,India,0.98
2019,356,India,1.02
2019,356,India,1.02
2019,356,India,0.99
2020,356,India,1.02
2020,356,India,1.0
2020,356,India,0.95
2005,356,India,0.84
2005,356,India,0.77
2018,356,India,1.01
2018,356,India,0.98
2005,360,Indonesia,0.97
2005,360,Indonesia,0.99
2005,360,Indonesia,0.95
2010,360,Indonesia,1.03
2010,360,Indonesia,1.01
2010,360,Indonesia,0.98
2015,360,Indonesia,0.97
2015,360,Indonesia,1.0
2015,360,Indonesia,0.96
2018,360,Indonesia,0.97
2018,360,Indonesia,1.03
2018,360,Indonesia,1.04
2005,364,Iran (Islamic Republic of),0.97
2005,364,Iran (Islamic Republic of),0.96
2005,364,Iran (Islamic Republic of),1.03
2010,364,Iran (Islamic Republic of),0.98
2010,364,Iran (Islamic Republic of),0.94
2010,364,Iran (Islamic Republic of),0.94
2015,364,Iran (Islamic Republic of),1.06
2015,364,Iran (Islamic Republic of),0.94
2005,372,Ireland,1.0
2005,372,Ireland,1.09
2005,372,Ireland,1.15
2010,372,Ireland,1.0
2010,372,Ireland,1.06
2010,372,Ireland,1.12
2015,372,Ireland,1.0
2015,372,Ireland,1.03
2015,372,Ireland,1.06
2018,372,Ireland,0.99
2018,372,Ireland,1.14
2018,372,Ireland,1.22
2019,372,Ireland,1.0
2019,372,Ireland,1.1
2019,372,Ireland,1.16
2005,376,Israel,1.01
2005,376,Israel,0.99
2005,376,Israel,0.98
2010,376,Israel,1.0
2010,376,Israel,1.02
2010,376,Israel,1.02
2015,376,Israel,1.01
2015,376,Israel,1.01
2015,376,Israel,1.02
2018,376,Israel,1.01
2018,376,Israel,1.02
2018,376,Israel,1.02
2019,376,Israel,1.01
2019,376,Israel,1.02
2019,376,Israel,1.02
2005,380,Italy,0.99
2005,380,Italy,0.99
2005,380,Italy,1.01
2010,380,Italy,0.99
2010,380,Italy,0.99
2010,380,Italy,1.0
2015,380,Italy,1.0
2015,380,Italy,1.0
2015,380,Italy,1.01
2018,380,Italy,0.97
2018,380,Italy,0.99
2018,380,Italy,1.0
2019,380,Italy,0.98
2019,380,Italy,0.98
2019,380,Italy,1.0
2005,388,Jamaica,1.0
2005,388,Jamaica,1.06
2005,388,Jamaica,1.16
2010,388,Jamaica,1.08
2010,388,Jamaica,1.2
2015,388,Jamaica,1.07
2015,388,Jamaica,1.06
2018,388,Jamaica,1.03
2018,388,Jamaica,1.05
2019,388,Jamaica,1.02
2019,388,Jamaica,1.03
2020,388,Jamaica,1.01
2020,388,Jamaica,1.03
2018,392,Japan,1.0
2005,400,Jordan,1.01
2005,400,Jordan,1.03
2005,400,Jordan,1.06
2010,400,Jordan,0.98
2010,400,Jordan,1.04
2010,400,Jordan,1.14
2018,400,Jordan,0.98
2018,400,Jordan,1.03
2018,400,Jordan,1.16
2019,400,Jordan,0.98
2019,400,Jordan,1.02
2019,400,Jordan,1.11
2020,400,Jordan,0.99
2020,400,Jordan,1.03
2020,400,Jordan,1.11
2005,398,Kazakhstan,1.0
2010,398,Kazakhstan,1.01
2010,398,Kazakhstan,1.01
2010,398,Kazakhstan,1.03
2015,398,Kazakhstan,1.0
2015,398,Kazakhstan,1.03
2015,398,Kazakhstan,1.09
2018,398,Kazakhstan,1.02
2018,398,Kazakhstan,1.01
2018,398,Kazakhstan,1.01
2019,398,Kazakhstan,1.02
2019,398,Kazakhstan,1.01
2019,398,Kazakhstan,1.01
2020,398,Kazakhstan,1.0
2020,398,Kazakhstan,1.0
2020,398,Kazakhstan,1.0
2005,404,Kenya,0.96
2005,404,Kenya,0.94
2005,404,Kenya,0.89
2015,404,Kenya,1.0
2005,296,Kiribati,1.01
2005,296,Kiribati,1.15
2005,296,Kiribati,1.26
2015,296,Kiribati,1.02
2020,296,Kiribati,1.06
2005,414,Kuwait,1.04
2005,414,Kuwait,1.09
2005,414,Kuwait,1.1
2010,414,Kuwait,0.98
2010,414,Kuwait,1.02
2010,414,Kuwait,1.08
2015,414,Kuwait,1.03
2015,414,Kuwait,1.06
2018,414,Kuwait,1.1
2019,414,Kuwait,1.15
2020,414,Kuwait,1.13
2005,417,Kyrgyzstan,0.98
2005,417,Kyrgyzstan,1.0
2005,417,Kyrgyzstan,1.03
2010,417,Kyrgyzstan,0.99
2010,417,Kyrgyzstan,1.0
2010,417,Kyrgyzstan,1.01
2015,417,Kyrgyzstan,0.99
2015,417,Kyrgyzstan,1.01
2015,417,Kyrgyzstan,1.06
2018,417,Kyrgyzstan,0.99
2018,417,Kyrgyzstan,1.0
2018,417,Kyrgyzstan,1.02
2019,417,Kyrgyzstan,0.99
2019,417,Kyrgyzstan,1.0
2019,417,Kyrgyzstan,1.03
2020,417,Kyrgyzstan,1.0
2020,417,Kyrgyzstan,1.0
2020,417,Kyrgyzstan,1.03
2005,418,Lao People's Dem. Rep.,0.87
2005,418,Lao People's Dem. Rep.,0.75
2005,418,Lao People's Dem. Rep.,0.71
2010,418,Lao People's Dem. Rep.,0.91
2010,418,Lao People's Dem. Rep.,0.82
2010,418,Lao People's Dem. Rep.,0.81
2015,418,Lao People's Dem. Rep.,0.95
2015,418,Lao People's Dem. Rep.,0.92
2015,418,Lao People's Dem. Rep.,0.89
2018,418,Lao People's Dem. Rep.,0.96
2018,418,Lao People's Dem. Rep.,0.93
2018,418,Lao People's Dem. Rep.,0.9
2019,418,Lao People's Dem. Rep.,0.97
2019,418,Lao People's Dem. Rep.,0.94
2019,418,Lao People's Dem. Rep.,0.89
2020,418,Lao People's Dem. Rep.,0.97
2020,418,Lao People's Dem. Rep.,0.95
2020,418,Lao People's Dem. Rep.,0.89
2005,428,Latvia,0.98
2005,428,Latvia,0.99
2005,428,Latvia,1.04
2010,428,Latvia,0.98
2010,428,Latvia,0.99
2010,428,Latvia,1.01
2015,428,Latvia,1.0
2015,428,Latvia,0.98
2015,428,Latvia,0.99
2018,428,Latvia,1.0
2018,428,Latvia,0.99
2018,428,Latvia,0.99
2019,428,Latvia,1.0
2019,428,Latvia,1.0
2019,428,Latvia,1.01
2005,426,Lesotho,0.99
2005,426,Lesotho,1.26
2005,426,Lesotho,1.16
2010,426,Lesotho,0.96
2010,426,Lesotho,1.39
2010,426,Lesotho,1.35
2015,426,Lesotho,0.95
2015,426,Lesotho,1.35
2015,426,Lesotho,1.34
2015,430,Liberia,0.9
2015,430,Liberia,0.77
2015,430,Liberia,0.74
2005,438,Liechtenstein,0.92
2005,438,Liechtenstein,0.87
2005,438,Liechtenstein,0.74
2010,438,Liechtenstein,0.94
2010,438,Liechtenstein,0.85
2010,438,Liechtenstein,0.7
2015,438,Liechtenstein,0.98
2015,438,Liechtenstein,0.78
2015,438,Liechtenstein,0.66
2018,438,Liechtenstein,1.01
2018,438,Liechtenstein,0.83
2018,438,Liechtenstein,0.76
2019,438,Liechtenstein,1.0
2019,438,Liechtenstein,0.86
2019,438,Liechtenstein,0.77
2005,440,Lithuania,0.99
2005,440,Lithuania,0.99
2005,440,Lithuania,1.05
2010,440,Lithuania,0.99
2010,440,Lithuania,0.98
2010,440,Lithuania,1.01
2015,440,Lithuania,1.0
2015,440,Lithuania,0.96
2015,440,Lithuania,0.95
2018,440,Lithuania,1.0
2018,440,Lithuania,0.96
2018,440,Lithuania,0.95
2019,440,Lithuania,1.0
2019,440,Lithuania,0.97
2019,440,Lithuania,0.95
2005,442,Luxembourg,1.0
2005,442,Luxembourg,1.05
2005,442,Luxembourg,1.09
2010,442,Luxembourg,1.01
2010,442,Luxembourg,1.03
2010,442,Luxembourg,1.04
2015,442,Luxembourg,1.0
2015,442,Luxembourg,1.04
2015,442,Luxembourg,1.06
2018,442,Luxembourg,0.98
2018,442,Luxembourg,1.02
2018,442,Luxembourg,1.07
2019,442,Luxembourg,0.99
2019,442,Luxembourg,1.0
2019,442,Luxembourg,1.06
2005,450,Madagascar,0.96
2005,450,Madagascar,0.96
2005,450,Madagascar,0.89
2015,450,Madagascar,1.0
2015,450,Madagascar,0.99
2015,450,Madagascar,0.93
2018,450,Madagascar,1.01
2018,450,Madagascar,1.03
2018,450,Madagascar,0.97
2019,450,Madagascar,1.02
2019,450,Madagascar,1.04
2019,450,Madagascar,0.99
2005,454,Malawi,1.01
2005,454,Malawi,0.79
2005,454,Malawi,0.67
2010,454,Malawi,1.02
2010,454,Malawi,0.88
2010,454,Malawi,0.72
2015,454,Malawi,1.02
2015,454,Malawi,0.91
2015,454,Malawi,0.83
2018,454,Malawi,1.01
2018,454,Malawi,0.98
2018,454,Malawi,0.89
2019,454,Malawi,1.03
2019,454,Malawi,0.83
2019,454,Malawi,0.9
2005,458,Malaysia,1.0
2005,458,Malaysia,1.1
2005,458,Malaysia,1.22
2010,458,Malaysia,1.01
2010,458,Malaysia,1.08
2010,458,Malaysia,1.16
2015,458,Malaysia,1.01
2015,458,Malaysia,1.09
2015,458,Malaysia,1.14
2018,458,Malaysia,1.02
2018,458,Malaysia,1.08
2018,458,Malaysia,1.15
2019,458,Malaysia,1.01
2019,458,Malaysia,1.08
2019,458,Malaysia,1.14
2005,462,Maldives,0.98
2015,462,Maldives,0.97
2018,462,Maldives,1.04
2018,462,Maldives,1.01
2018,462,Maldives,1.56
2019,462,Maldives,1.03
2019,462,Maldives,0.93
2019,462,Maldives,1.26
2005,466,Mali,0.79
2005,466,Mali,0.62
2005,466,Mali,0.58
2010,466,Mali,0.86
2010,466,Mali,0.69
2010,466,Mali,0.61
2015,466,Mali,0.9
2015,466,Mali,0.79
2015,466,Mali,0.69
2018,466,Mali,0.9
2018,466,Mali,0.82
2018,466,Mali,0.7
2005,470,Malta,0.98
2005,470,Malta,0.96
2005,470,Malta,0.83
2010,470,Malta,1.0
2010,470,Malta,0.89
2010,470,Malta,0.76
2015,470,Malta,1.01
2015,470,Malta,1.06
2015,470,Malta,1.12
2018,470,Malta,1.01
2018,470,Malta,1.0
2018,470,Malta,1.03
2019,470,Malta,1.01
2019,470,Malta,1.0
2019,470,Malta,1.03
2005,584,Marshall Islands,1.25
2005,584,Marshall Islands,1.02
2005,584,Marshall Islands,1.05
2015,584,Marshall Islands,0.98
2015,584,Marshall Islands,1.07
2015,584,Marshall Islands,1.14
2019,584,Marshall Islands,0.96
2019,584,Marshall Islands,1.08
2019,584,Marshall Islands,1.11
2020,584,Marshall Islands,0.96
2020,584,Marshall Islands,1.11
2020,584,Marshall Islands,1.12
2005,478,Mauritania,1.03
2005,478,Mauritania,0.88
2005,478,Mauritania,0.86
2010,478,Mauritania,1.05
2010,478,Mauritania,0.85
2010,478,Mauritania,0.78
2015,478,Mauritania,1.05
2015,478,Mauritania,0.93
2015,478,Mauritania,0.87
2018,478,Mauritania,1.06
2018,478,Mauritania,1.02
2018,478,Mauritania,1.04
2019,478,Mauritania,1.06
2019,478,Mauritania,1.05
2019,478,Mauritania,1.05
2005,480,Mauritius,1.0
2005,480,Mauritius,0.98
2005,480,Mauritius,0.94
2010,480,Mauritius,1.01
2010,480,Mauritius,1.05
2010,480,Mauritius,1.07
2015,480,Mauritius,1.02
2015,480,Mauritius,1.04
2015,480,Mauritius,1.11
2018,480,Mauritius,1.03
2018,480,Mauritius,1.06
2018,480,Mauritius,1.14
2019,480,Mauritius,1.03
2019,480,Mauritius,1.02
2019,480,Mauritius,1.08
2005,484,Mexico,0.98
2005,484,Mexico,1.04
2005,484,Mexico,1.03
2010,484,Mexico,0.99
2010,484,Mexico,1.08
2010,484,Mexico,1.06
2015,484,Mexico,1.0
2015,484,Mexico,1.07
2015,484,Mexico,1.02
2018,484,Mexico,1.01
2018,484,Mexico,1.09
2018,484,Mexico,1.06
2019,484,Mexico,1.01
2019,484,Mexico,1.1
2019,484,Mexico,1.07
2005,583,Micronesia (Fed. States of),0.97
2005,583,Micronesia (Fed. States of),1.08
2005,583,Micronesia (Fed. States of),1.07
2015,583,Micronesia (Fed. States of),0.98
2019,583,Micronesia (Fed. States of),0.96
2020,583,Micronesia (Fed. States of),1.0
2005,496,Mongolia,1.0
2005,496,Mongolia,1.11
2005,496,Mongolia,1.22
2010,496,Mongolia,0.98
2010,496,Mongolia,1.07
2010,496,Mongolia,1.13
2015,496,Mongolia,0.98
2015,496,Mongolia,1.06
2018,496,Mongolia,0.98
2019,496,Mongolia,0.98
2019,496,Mongolia,1.01
2019,496,Mongolia,1.0
2010,499,Montenegro,1.0
2010,499,Montenegro,1.03
2010,499,Montenegro,1.06
2015,499,Montenegro,1.0
2015,499,Montenegro,1.02
2015,499,Montenegro,1.01
2018,499,Montenegro,0.95
2018,499,Montenegro,1.01
2018,499,Montenegro,1.01
2019,499,Montenegro,1.0
2019,499,Montenegro,1.02
2019,499,Montenegro,1.02
2020,499,Montenegro,1.0
2020,499,Montenegro,1.02
2020,499,Montenegro,1.04
2005,504,Morocco,0.91
2005,504,Morocco,0.85
2005,504,Morocco,0.88
2010,504,Morocco,0.94
2010,504,Morocco,0.87
2010,504,Morocco,0.95
2015,504,Morocco,0.95
2018,504,Morocco,0.96
2018,504,Morocco,0.92
2018,504,Morocco,0.98
2019,504,Morocco,0.97
2019,504,Morocco,0.93
2019,504,Morocco,1.0
2020,504,Morocco,0.97
2020,504,Morocco,0.95
2020,504,Morocco,1.04
2005,508,Mozambique,0.83
2005,508,Mozambique,0.68
2005,508,Mozambique,0.62
2010,508,Mozambique,0.89
2010,508,Mozambique,0.8
2010,508,Mozambique,0.74
2015,508,Mozambique,0.91
2015,508,Mozambique,0.91
2015,508,Mozambique,0.91
2018,508,Mozambique,0.93
2019,508,Mozambique,0.93
2020,508,Mozambique,0.94
2018,104,Myanmar,0.96
2018,104,Myanmar,1.09
2018,104,Myanmar,1.19
2005,516,Namibia,0.98
2005,516,Namibia,1.11
2005,516,Namibia,1.03
2010,516,Namibia,0.96
2018,516,Namibia,0.97
2005,520,Nauru,0.94
2005,520,Nauru,1.03
2019,520,Nauru,0.99
2019,520,Nauru,1.04
2019,520,Nauru,0.86
2020,520,Nauru,1.03
2010,524,Nepal,1.08
2010,524,Nepal,0.98
2010,524,Nepal,0.95
2015,524,Nepal,1.06
2015,524,Nepal,1.05
2015,524,Nepal,1.02
2019,524,Nepal,1.02
2019,524,Nepal,1.07
2019,524,Nepal,1.13
2020,524,Nepal,1.03
2020,524,Nepal,1.06
2005,528,Netherlands,0.98
2005,528,Netherlands,0.98
2005,528,Netherlands,1.01
2010,528,Netherlands,1.0
2010,528,Netherlands,0.99
2010,528,Netherlands,1.03
2015,528,Netherlands,1.0
2015,528,Netherlands,1.02
2015,528,Netherlands,1.07
2018,528,Netherlands,1.0
2018,528,Netherlands,1.01
2018,528,Netherlands,1.06
2019,528,Netherlands,1.0
2019,528,Netherlands,1.01
2019,528,Netherlands,1.07
2005,554,New Zealand,0.99
2005,554,New Zealand,1.06
2005,554,New Zealand,1.12
2010,554,New Zealand,1.0
2010,554,New Zealand,1.05
2010,554,New Zealand,1.11
2015,554,New Zealand,1.01
2015,554,New Zealand,1.06
2015,554,New Zealand,1.13
2018,554,New Zealand,1.01
2018,554,New Zealand,1.06
2018,554,New Zealand,1.14
2019,554,New Zealand,1.0
2019,554,New Zealand,1.05
2019,554,New Zealand,1.11
2005,558,Nicaragua,0.99
2005,558,Nicaragua,1.16
2005,558,Nicaragua,1.33
2010,558,Nicaragua,0.99
2010,558,Nicaragua,1.13
2010,558,Nicaragua,1.27
2005,562,Niger,0.72
2005,562,Niger,0.63
2005,562,Niger,0.55
2010,562,Niger,0.81
2010,562,Niger,0.7
2010,562,Niger,0.57
2015,562,Niger,0.85
2015,562,Niger,0.74
2015,562,Niger,0.79
2019,562,Niger,0.88
2005,566,Nigeria,0.84
2005,566,Nigeria,0.83
2005,566,Nigeria,0.8
2010,566,Nigeria,0.91
2010,566,Nigeria,0.87
2010,566,Nigeria,0.86
2018,566,Nigeria,0.98
2018,566,Nigeria,0.95
2018,566,Nigeria,0.92
2015,566,Nigeria,0.92
2015,566,Nigeria,0.9
2005,807,North Macedonia,0.98
2005,807,North Macedonia,0.97
2005,807,North Macedonia,0.94
2010,807,North Macedonia,0.99
2010,807,North Macedonia,0.97
2010,807,North Macedonia,0.97
2015,807,North Macedonia,1.0
2015,807,North Macedonia,0.98
2015,807,North Macedonia,0.98
2018,807,North Macedonia,1.0
2018,807,North Macedonia,0.98
2018,807,North Macedonia,0.96
2005,578,Norway,1.0
2005,578,Norway,1.01
2005,578,Norway,1.01
2010,578,Norway,1.0
2010,578,Norway,0.98
2010,578,Norway,0.97
2015,578,Norway,1.0
2015,578,Norway,0.98
2015,578,Norway,0.94
2018,578,Norway,1.0
2018,578,Norway,0.96
2018,578,Norway,0.94
2019,578,Norway,1.0
2019,578,Norway,0.95
2019,578,Norway,0.92
2005,512,Oman,0.99
2005,512,Oman,0.96
2005,512,Oman,1.02
2015,512,Oman,1.04
2015,512,Oman,0.98
2015,512,Oman,1.0
2018,512,Oman,1.1
2018,512,Oman,0.92
2018,512,Oman,0.93
2019,512,Oman,1.09
2019,512,Oman,0.91
2019,512,Oman,0.85
2020,512,Oman,1.06
2020,512,Oman,0.92
2020,512,Oman,0.74
2005,586,Pakistan,0.77
2010,586,Pakistan,0.85
2010,586,Pakistan,0.77
2010,586,Pakistan,0.75
2015,586,Pakistan,0.86
2015,586,Pakistan,0.79
2015,586,Pakistan,0.76
2018,586,Pakistan,0.84
2018,586,Pakistan,0.85
2018,586,Pakistan,0.84
2019,586,Pakistan,0.88
2019,586,Pakistan,0.87
2019,586,Pakistan,0.86
2020,585,Palau,1.07
2020,585,Palau,1.0
2020,585,Palau,0.99
2005,585,Palau,1.2
2005,591,Panama,0.97
2005,591,Panama,1.07
2005,591,Panama,1.15
2010,591,Panama,0.96
2010,591,Panama,1.06
2010,591,Panama,1.17
2015,591,Panama,0.98
2015,591,Panama,1.05
2015,591,Panama,1.13
2020,591,Panama,1.0
2020,591,Panama,1.03
2020,591,Panama,1.08
2005,598,Papua New Guinea,0.85
2018,598,Papua New Guinea,0.93
2018,598,Papua New Guinea,0.8
2018,598,Papua New Guinea,0.67
2005,600,Paraguay,0.98
2005,600,Paraguay,1.04
2005,600,Paraguay,1.06
2010,600,Paraguay,0.97
2010,600,Paraguay,1.06
2010,600,Paraguay,1.09
2020,600,Paraguay,0.98
2020,600,Paraguay,1.07
2020,600,Paraguay,1.13
2005,604,Peru,1.0
2005,604,Peru,0.99
2005,604,Peru,0.98
2010,604,Peru,1.0
2010,604,Peru,1.03
2010,604,Peru,1.09
2015,604,Peru,1.0
2015,604,Peru,1.0
2015,604,Peru,1.01
2018,604,Peru,0.97
2018,604,Peru,0.95
2018,604,Peru,0.95
2019,604,Peru,0.96
2019,604,Peru,0.94
2019,604,Peru,0.95
2020,604,Peru,0.96
2020,604,Peru,0.93
2020,604,Peru,0.95
2005,608,Philippines,0.99
2005,608,Philippines,1.12
2005,608,Philippines,1.22
2015,608,Philippines,0.97
2015,608,Philippines,1.08
2015,608,Philippines,1.12
2018,608,Philippines,0.96
2018,608,Philippines,1.11
2018,608,Philippines,1.2
2019,608,Philippines,0.97
2019,608,Philippines,1.09
2019,608,Philippines,1.18
2010,608,Philippines,1.15
2005,616,Poland,0.99
2005,616,Poland,0.99
2005,616,Poland,1.01
2010,616,Poland,0.99
2010,616,Poland,0.99
2010,616,Poland,1.01
2018,616,Poland,0.99
2018,616,Poland,0.97
2018,616,Poland,0.96
2019,616,Poland,0.99
2019,616,Poland,0.97
2019,616,Poland,0.96
2015,616,Poland,0.96
2015,616,Poland,0.96
2005,620,Portugal,0.95
2005,620,Portugal,1.1
2005,620,Portugal,1.19
2010,620,Portugal,0.97
2010,620,Portugal,1.03
2010,620,Portugal,1.09
2015,620,Portugal,0.96
2015,620,Portugal,0.97
2015,620,Portugal,0.98
2018,620,Portugal,0.97
2018,620,Portugal,1.0
2018,620,Portugal,1.01
2019,620,Portugal,0.98
2019,620,Portugal,1.0
2019,620,Portugal,1.03
2010,634,Qatar,1.03
2010,634,Qatar,0.95
2010,634,Qatar,1.01
2015,634,Qatar,1.01
2018,634,Qatar,1.01
2019,634,Qatar,1.03
2020,634,Qatar,1.03
2005,410,Republic of Korea,0.99
2005,410,Republic of Korea,1.02
2005,410,Republic of Korea,1.03
2010,410,Republic of Korea,1.0
2010,410,Republic of Korea,0.99
2010,410,Republic of Korea,0.99
2015,410,Republic of Korea,1.0
2015,410,Republic of Korea,0.99
2015,410,Republic of Korea,1.0
2018,410,Republic of Korea,1.0
2018,410,Republic of Korea,0.99
2018,410,Republic of Korea,0.99
2019,410,Republic of Korea,1.0
2019,410,Republic of Korea,0.99
2019,410,Republic of Korea,0.99
2015,498,Republic of Moldova,0.99
2015,498,Republic of Moldova,1.01
2015,498,Republic of Moldova,1.04
2018,498,Republic of Moldova,0.98
2018,498,Republic of Moldova,0.99
2018,498,Republic of Moldova,1.0
2019,498,Republic of Moldova,0.95
2019,498,Republic of Moldova,0.99
2019,498,Republic of Moldova,1.0
2020,498,Republic of Moldova,0.98
2020,498,Republic of Moldova,0.99
2020,498,Republic of Moldova,1.03
2005,642,Romania,0.99
2005,642,Romania,1.02
2005,642,Romania,1.05
2010,642,Romania,0.98
2010,642,Romania,0.99
2010,642,Romania,0.99
2015,642,Romania,0.99
2015,642,Romania,1.0
2015,642,Romania,1.02
2018,642,Romania,0.99
2018,642,Romania,1.0
2018,642,Romania,1.03
2019,642,Romania,0.99
2019,642,Romania,1.0
2019,642,Romania,1.03
2005,643,Russian Federation,1.0
2005,643,Russian Federation,0.99
2005,643,Russian Federation,0.96
2015,643,Russian Federation,1.01
2015,643,Russian Federation,0.98
2015,643,Russian Federation,0.9
2018,643,Russian Federation,0.99
2018,643,Russian Federation,0.97
2018,643,Russian Federation,0.92
2019,643,Russian Federation,0.99
2019,643,Russian Federation,0.97
2019,643,Russian Federation,0.93
2005,646,Rwanda,1.01
2005,646,Rwanda,0.89
2005,646,Rwanda,0.92
2010,646,Rwanda,1.03
2010,646,Rwanda,1.0
2010,646,Rwanda,0.89
2015,646,Rwanda,1.01
2015,646,Rwanda,1.09
2015,646,Rwanda,1.01
2018,646,Rwanda,0.99
2018,646,Rwanda,1.12
2018,646,Rwanda,1.06
2019,646,Rwanda,0.98
2019,646,Rwanda,1.13
2019,646,Rwanda,1.05
2005,659,Saint Kitts and Nevis,0.99
2005,659,Saint Kitts and Nevis,1.11
2005,659,Saint Kitts and Nevis,1.35
2010,659,Saint Kitts and Nevis,0.95
2010,659,Saint Kitts and Nevis,0.98
2010,659,Saint Kitts and Nevis,1.08
2015,659,Saint Kitts and Nevis,0.99
2015,659,Saint Kitts and Nevis,0.99
2015,659,Saint Kitts and Nevis,1.0
2005,662,Saint Lucia,0.96
2005,662,Saint Lucia,1.18
2005,662,Saint Lucia,1.2
2015,662,Saint Lucia,0.97
2015,662,Saint Lucia,0.99
2015,662,Saint Lucia,1.02
2018,662,Saint Lucia,1.01
2018,662,Saint Lucia,1.0
2018,662,Saint Lucia,1.03
2019,662,Saint Lucia,1.02
2019,662,Saint Lucia,0.97
2019,662,Saint Lucia,0.99
2020,662,Saint Lucia,1.03
2020,662,Saint Lucia,0.98
2020,662,Saint Lucia,0.94
2010,662,Saint Lucia,0.99
2010,662,Saint Lucia,1.05
2005,670,Saint Vincent & Grenadines,0.9
2005,670,Saint Vincent & Grenadines,1.25
2005,670,Saint Vincent & Grenadines,1.47
2010,670,Saint Vincent & Grenadines,0.95
2010,670,Saint Vincent & Grenadines,1.05
2010,670,Saint Vincent & Grenadines,1.26
2015,670,Saint Vincent & Grenadines,0.99
2015,670,Saint Vincent & Grenadines,1.01
2015,670,Saint Vincent & Grenadines,1.16
2018,670,Saint Vincent & Grenadines,0.99
2018,670,Saint Vincent & Grenadines,1.03
2018,670,Saint Vincent & Grenadines,1.21
2005,882,Samoa,1.01
2005,882,Samoa,1.13
2005,882,Samoa,1.18
2010,882,Samoa,0.99
2010,882,Samoa,1.14
2010,882,Samoa,1.24
2015,882,Samoa,1.0
2015,882,Samoa,1.11
2015,882,Samoa,1.2
2018,882,Samoa,1.0
2019,882,Samoa,1.01
2020,882,Samoa,0.99
2018,674,San Marino,1.05
2018,674,San Marino,0.9
2018,674,San Marino,0.86
2019,674,San Marino,1.08
2019,674,San Marino,0.94
2019,674,San Marino,0.96
2020,674,San Marino,0.98
2020,674,San Marino,0.96
2020,674,San Marino,0.81
2005,678,Sao Tome and Principe,0.96
2005,678,Sao Tome and Principe,1.06
2005,678,Sao Tome and Principe,0.96
2010,678,Sao Tome and Principe,0.99
2010,678,Sao Tome and Principe,1.02
2010,678,Sao Tome and Principe,0.78
2015,678,Sao Tome and Principe,0.96
2015,678,Sao Tome and Principe,1.11
2015,678,Sao Tome and Principe,1.14
2005,682,Saudi Arabia,0.98
2005,682,Saudi Arabia,0.94
2005,682,Saudi Arabia,0.91
2010,682,Saudi Arabia,0.99
2015,682,Saudi Arabia,1.03
2015,682,Saudi Arabia,0.98
2015,682,Saudi Arabia,0.95
2018,682,Saudi Arabia,1.01
2018,682,Saudi Arabia,0.94
2018,682,Saudi Arabia,0.92
2019,682,Saudi Arabia,1.02
2019,682,Saudi Arabia,0.91
2019,682,Saudi Arabia,0.84
2020,682,Saudi Arabia,1.02
2020,682,Saudi Arabia,0.93
2020,682,Saudi Arabia,0.87
2005,686,Senegal,0.96
2005,686,Senegal,0.75
2005,686,Senegal,0.66
2010,686,Senegal,1.06
2010,686,Senegal,0.87
2015,686,Senegal,1.12
2019,686,Senegal,1.14
2019,686,Senegal,1.13
2019,686,Senegal,1.04
2020,686,Senegal,1.15
2020,686,Senegal,1.16
2020,686,Senegal,1.07
2010,688,Serbia,1.0
2010,688,Serbia,1.02
2010,688,Serbia,1.05
2015,688,Serbia,1.0
2015,688,Serbia,1.01
2015,688,Serbia,1.04
2018,688,Serbia,1.0
2018,688,Serbia,1.01
2018,688,Serbia,1.03
2019,688,Serbia,1.0
2019,688,Serbia,1.01
2019,688,Serbia,1.03
2020,688,Serbia,1.0
2020,688,Serbia,1.01
2020,688,Serbia,1.03
2005,690,Seychelles,0.98
2005,690,Seychelles,1.07
2005,690,Seychelles,1.16
2010,690,Seychelles,1.03
2010,690,Seychelles,1.06
2010,690,Seychelles,1.18
2015,690,Seychelles,1.03
2015,690,Seychelles,1.07
2015,690,Seychelles,1.13
2018,690,Seychelles,1.06
2018,690,Seychelles,1.07
2018,690,Seychelles,1.15
2019,690,Seychelles,1.05
2019,690,Seychelles,1.06
2019,690,Seychelles,1.15
2020,690,Seychelles,1.04
2020,690,Seychelles,1.09
2020,690,Seychelles,1.16
2015,694,Sierra Leone,1.01
2015,694,Sierra Leone,0.88
2015,694,Sierra Leone,0.78
2018,694,Sierra Leone,1.03
2019,694,Sierra Leone,1.03
2020,694,Sierra Leone,1.03
2018,702,Singapore,1.0
2018,702,Singapore,0.99
2018,702,Singapore,0.99
2019,702,Singapore,1.0
2019,702,Singapore,0.99
2019,702,Singapore,0.98
2005,703,Slovakia,0.99
2005,703,Slovakia,1.01
2005,703,Slovakia,1.03
2010,703,Slovakia,0.99
2010,703,Slovakia,1.01
2010,703,Slovakia,1.04
2015,703,Slovakia,0.99
2015,703,Slovakia,1.01
2015,703,Slovakia,1.04
2018,703,Slovakia,1.0
2018,703,Slovakia,1.01
2018,703,Slovakia,1.04
2019,703,Slovakia,1.0
2019,703,Slovakia,1.01
2019,703,Slovakia,1.04
2005,705,Slovenia,0.99
2005,705,Slovenia,1.0
2005,705,Slovenia,1.0
2010,705,Slovenia,1.0
2010,705,Slovenia,0.99
2010,705,Slovenia,0.99
2015,705,Slovenia,1.01
2015,705,Slovenia,1.01
2015,705,Slovenia,1.02
2018,705,Slovenia,1.0
2018,705,Slovenia,1.02
2018,705,Slovenia,1.04
2019,705,Slovenia,1.0
2019,705,Slovenia,1.02
2019,705,Slovenia,1.03
2005,90,Solomon Islands,0.95
2005,90,Solomon Islands,0.83
2005,90,Solomon Islands,0.72
2010,90,Solomon Islands,0.98
2010,90,Solomon Islands,0.86
2010,90,Solomon Islands,0.72
2015,90,Solomon Islands,0.99
2018,90,Solomon Islands,1.0
2019,90,Solomon Islands,0.99
2005,710,South Africa,0.97
2005,710,South Africa,1.07
2005,710,South Africa,1.1
2010,710,South Africa,0.96
2010,710,South Africa,1.06
2010,710,South Africa,1.1
2015,710,South Africa,0.93
2015,710,South Africa,0.99
2015,710,South Africa,0.97
2018,710,South Africa,0.96
2018,710,South Africa,1.07
2018,710,South Africa,1.09
2019,710,South Africa,0.97
2019,710,South Africa,1.06
2019,710,South Africa,1.1
2015,728,South Sudan,0.71
2015,728,South Sudan,0.54
2015,728,South Sudan,0.45
2005,724,Spain,0.99
2005,724,Spain,1.07
2005,724,Spain,1.18
2010,724,Spain,0.99
2010,724,Spain,1.03
2010,724,Spain,1.09
2015,724,Spain,1.02
2015,724,Spain,0.99
2015,724,Spain,1.03
2018,724,Spain,1.01
2018,724,Spain,1.02
2018,724,Spain,1.05
2019,724,Spain,1.01
2019,724,Spain,1.03
2019,724,Spain,1.07
2005,144,Sri Lanka,0.99
2010,144,Sri Lanka,0.98
2010,144,Sri Lanka,1.01
2010,144,Sri Lanka,1.07
2015,144,Sri Lanka,0.98
2018,144,Sri Lanka,0.99
2018,144,Sri Lanka,1.05
2018,144,Sri Lanka,1.11
2019,144,Sri Lanka,1.0
2015,729,Sudan,0.91
2015,729,Sudan,0.98
2015,729,Sudan,1.06
2018,729,Sudan,0.93
2018,729,Sudan,1.02
2018,729,Sudan,1.08
2005,740,Suriname,0.98
2005,740,Suriname,1.34
2005,740,Suriname,1.75
2010,740,Suriname,1.0
2010,740,Suriname,1.29
2010,740,Suriname,1.79
2015,740,Suriname,1.01
2015,740,Suriname,1.32
2015,740,Suriname,1.82
2018,740,Suriname,1.0
2019,740,Suriname,1.0
2005,752,Sweden,1.0
2005,752,Sweden,1.0
2005,752,Sweden,1.0
2010,752,Sweden,0.99
2010,752,Sweden,0.99
2010,752,Sweden,0.99
2015,752,Sweden,1.04
2015,752,Sweden,1.14
2015,752,Sweden,1.2
2018,752,Sweden,1.02
2018,752,Sweden,1.07
2018,752,Sweden,1.11
2019,752,Sweden,1.04
2019,752,Sweden,1.07
2019,752,Sweden,1.1
2005,756,Switzerland,1.0
2005,756,Switzerland,0.94
2005,756,Switzerland,0.86
2010,756,Switzerland,1.0
2010,756,Switzerland,0.97
2010,756,Switzerland,0.92
2015,756,Switzerland,1.0
2015,756,Switzerland,0.97
2015,756,Switzerland,0.94
2018,756,Switzerland,0.99
2018,756,Switzerland,0.95
2018,756,Switzerland,0.92
2019,756,Switzerland,1.0
2019,756,Switzerland,0.95
2019,756,Switzerland,0.91
2005,760,Syrian Arab Republic,0.97
2005,760,Syrian Arab Republic,0.96
2005,760,Syrian Arab Republic,0.99
2010,760,Syrian Arab Republic,0.97
2010,760,Syrian Arab Republic,1.0
2010,760,Syrian Arab Republic,1.08
2005,762,Tajikistan,0.97
2005,762,Tajikistan,0.84
2005,762,Tajikistan,0.62
2010,762,Tajikistan,0.98
2010,762,Tajikistan,0.87
2010,762,Tajikistan,0.67
2015,762,Tajikistan,0.99
2005,764,Thailand,0.97
2005,764,Thailand,1.05
2005,764,Thailand,1.12
2010,764,Thailand,0.99
2010,764,Thailand,1.07
2010,764,Thailand,1.18
2015,764,Thailand,0.94
2015,764,Thailand,0.96
2015,764,Thailand,1.0
2018,764,Thailand,1.0
2018,764,Thailand,0.98
2018,764,Thailand,1.06
2019,764,Thailand,1.0
2019,764,Thailand,0.97
2019,764,Thailand,1.02
2020,764,Thailand,1.0
2020,764,Thailand,0.98
2020,764,Thailand,1.02
2005,626,Timor-Leste,0.91
2005,626,Timor-Leste,0.97
2010,626,Timor-Leste,0.95
2010,626,Timor-Leste,0.99
2010,626,Timor-Leste,0.96
2015,626,Timor-Leste,0.98
2015,626,Timor-Leste,1.06
2015,626,Timor-Leste,1.06
2018,626,Timor-Leste,0.96
2018,626,Timor-Leste,1.08
2018,626,Timor-Leste,1.1
2019,626,Timor-Leste,0.98
2019,626,Timor-Leste,1.1
2019,626,Timor-Leste,1.13
2005,768,Togo,0.85
2005,768,Togo,0.53
2005,768,Togo,0.41
2010,768,Togo,0.9
2015,768,Togo,0.95
2018,768,Togo,0.96
2019,768,Togo,0.97
2020,768,Togo,0.97
2020,768,Togo,0.64
2005,776,Tonga,0.97
2010,776,Tonga,0.98
2010,776,Tonga,1.07
2015,776,Tonga,0.99
2015,776,Tonga,1.03
2015,776,Tonga,1.19
2018,776,Tonga,0.99
2019,776,Tonga,0.97
2019,776,Tonga,1.14
2019,776,Tonga,1.25
2020,776,Tonga,0.95
2020,776,Tonga,1.18
2020,776,Tonga,1.21
2005,780,Trinidad and Tobago,0.97
2010,780,Trinidad and Tobago,0.97
2005,788,Tunisia,0.99
2005,788,Tunisia,1.1
2005,788,Tunisia,1.22
2010,788,Tunisia,1.0
2010,788,Tunisia,1.1
2010,788,Tunisia,1.25
2015,788,Tunisia,1.0
2018,788,Tunisia,0.99
2020,788,Tunisia,0.98
2005,792,Türkiye,0.95
2005,792,Türkiye,0.83
2005,792,Türkiye,0.78
2010,792,Türkiye,0.99
2010,792,Türkiye,0.92
2010,792,Türkiye,0.87
2015,792,Türkiye,0.99
2015,792,Türkiye,0.97
2015,792,Türkiye,0.94
2018,792,Türkiye,0.99
2018,792,Türkiye,0.98
2018,792,Türkiye,0.94
2019,792,Türkiye,0.99
2019,792,Türkiye,0.96
2019,792,Türkiye,0.91
2019,795,Turkmenistan,0.98
2019,795,Turkmenistan,0.98
2019,795,Turkmenistan,0.99
2020,795,Turkmenistan,0.98
2020,795,Turkmenistan,0.98
2020,795,Turkmenistan,0.98
2005,798,Tuvalu,0.97
2015,798,Tuvalu,0.96
2015,798,Tuvalu,1.21
2018,798,Tuvalu,0.92
2018,798,Tuvalu,1.14
2018,798,Tuvalu,1.48
2019,798,Tuvalu,0.96
2019,798,Tuvalu,1.09
2019,798,Tuvalu,1.43
2020,798,Tuvalu,1.01
2020,798,Tuvalu,1.01
2020,798,Tuvalu,1.18
2005,800,Uganda,0.99
2010,800,Uganda,1.01
2015,800,Uganda,1.02
2005,804,Ukraine,1.0
2005,804,Ukraine,0.93
2005,804,Ukraine,0.96
2010,804,Ukraine,1.01
2010,804,Ukraine,0.98
2010,804,Ukraine,0.91
2015,784,United Arab Emirates,1.0
2019,784,United Arab Emirates,1.0
2019,784,United Arab Emirates,0.99
2019,784,United Arab Emirates,0.98
2020,784,United Arab Emirates,1.01
2020,784,United Arab Emirates,1.01
2020,784,United Arab Emirates,1.02
2005,826,United Kingdom,1.0
2005,826,United Kingdom,1.03
2005,826,United Kingdom,1.05
2010,826,United Kingdom,0.99
2010,826,United Kingdom,1.0
2010,826,United Kingdom,1.04
2015,826,United Kingdom,1.0
2015,826,United Kingdom,1.03
2015,826,United Kingdom,1.06
2018,826,United Kingdom,1.0
2018,826,United Kingdom,1.03
2018,826,United Kingdom,1.06
2019,826,United Kingdom,1.0
2019,826,United Kingdom,1.02
2019,826,United Kingdom,1.05
2005,834,United Rep. of Tanzania,0.97
2010,834,United Rep. of Tanzania,1.02
2010,834,United Rep. of Tanzania,0.82
2010,834,United Rep. of Tanzania,0.76
2015,834,United Rep. of Tanzania,1.05
2015,834,United Rep. of Tanzania,0.99
2015,834,United Rep. of Tanzania,0.67
2018,834,United Rep. of Tanzania,1.03
2018,834,United Rep. of Tanzania,1.05
2018,834,United Rep. of Tanzania,0.73
2019,834,United Rep. of Tanzania,1.02
2019,834,United Rep. of Tanzania,1.08
2019,834,United Rep. of Tanzania,0.76
2020,834,United Rep. of Tanzania,1.03
2020,834,United Rep. of Tanzania,1.1
2020,834,United Rep. of Tanzania,0.78
2005,840,United States of America,0.99
2005,840,United States of America,1.02
2005,840,United States of America,1.06
2015,840,United States of America,1.0
2015,840,United States of America,1.01
2015,840,United States of America,1.02
2018,840,United States of America,1.0
2018,840,United States of America,0.99
2018,840,United States of America,0.99
2019,840,United States of America,1.01
2019,840,United States of America,0.98
2019,840,United States of America,0.97
2005,858,Uruguay,0.97
2005,858,Uruguay,1.15
2005,858,Uruguay,1.22
2010,858,Uruguay,0.97
2010,858,Uruguay,1.17
2010,858,Uruguay,1.32
2015,858,Uruguay,0.98
2018,858,Uruguay,0.99
2018,858,Uruguay,1.11
2018,858,Uruguay,1.22
2019,858,Uruguay,0.99
2019,858,Uruguay,1.11
2019,858,Uruguay,1.22
2005,860,Uzbekistan,1.0
2005,860,Uzbekistan,0.97
2005,860,Uzbekistan,0.92
2010,860,Uzbekistan,0.98
2010,860,Uzbekistan,1.0
2010,860,Uzbekistan,1.01
2015,860,Uzbekistan,0.99
2015,860,Uzbekistan,0.99
2015,860,Uzbekistan,0.99
2018,860,Uzbekistan,0.99
2018,860,Uzbekistan,0.99
2018,860,Uzbekistan,1.0
2019,860,Uzbekistan,0.99
2019,860,Uzbekistan,0.99
2019,860,Uzbekistan,1.03
2020,860,Uzbekistan,0.98
2005,548,Vanuatu,0.97
2010,548,Vanuatu,0.99
2010,548,Vanuatu,1.0
2010,548,Vanuatu,0.84
2015,548,Vanuatu,0.97
2015,548,Vanuatu,1.03
2015,548,Vanuatu,1.05
2019,548,Vanuatu,0.96
2020,548,Vanuatu,0.98
2020,548,Vanuatu,1.14
2020,548,Vanuatu,1.3
2005,862,Venezuela (Boliv. Rep. of),0.98
2005,862,Venezuela (Boliv. Rep. of),1.13
2005,862,Venezuela (Boliv. Rep. of),1.25
2010,862,Venezuela (Boliv. Rep. of),0.97
2010,862,Venezuela (Boliv. Rep. of),1.1
2010,862,Venezuela (Boliv. Rep. of),1.18
2015,862,Venezuela (Boliv. Rep. of),0.98
2015,862,Venezuela (Boliv. Rep. of),1.08
2015,862,Venezuela (Boliv. Rep. of),1.15
2005,704,Viet Nam,0.95
2010,704,Viet Nam,0.95
2015,704,Viet Nam,1.0
2018,704,Viet Nam,1.02
2019,704,Viet Nam,1.02
2020,704,Viet Nam,1.02
2005,887,Yemen,0.74
2005,887,Yemen,0.49
2005,887,Yemen,0.45
2010,887,Yemen,0.82
2010,887,Yemen,0.62
2010,887,Yemen,0.59
2005,894,Zambia,0.94
2010,894,Zambia,1.01
2015,894,Zambia,1.0
2015,716,Zimbabwe,0.98
2018,716,Zimbabwe,1.0
2019,716,Zimbabwe,1.0
2020,716,Zimbabwe,1.01
