Building Address Key,Building Key,Address Purpose,Address City Id,Is E911 Address,Street Number,Street Number Suffix,Pre Directional,Street Name,Street Suffix,Post Directional,City,State,Postal Code,Warehouse Load Date
1-E911_1,1,E911_1,26019,"",33,"","",MASSACHUSETTS,AVE,"",CAMBRIDGE,MA,02139,01/08/16 05:13 AM
1-MAIL,1,MAIL,708,"",77,"","",MASSACHUSETTS,AVE,"",CAMBRIDGE,MA,02139,01/08/16 05:13 AM
1-PARCL1,1,PARCL1,"","",MEM106,"","","","","",CAMBRIDGE,MA,02142,01/08/16 05:13 AM
1-STREET,1,STREET,26019,"",33,"","",MASSACHUSETTS,AVE,"",CAMBRIDGE,MA,02139,01/08/16 05:13 AM
2-E911_1,2,E911_1,710,"",182,"","",MEMORIAL,DR,"",CAMBRIDGE,MA,02142,01/08/16 05:13 AM
2-MAIL,2,MAIL,708,"",77,"","",MASSACHUSETTS,AVE,"",CAMBRIDGE,MA,02139,01/08/16 05:13 AM
2-PARCL1,2,PARCL1,"","",MEM106,"","","","","",CAMBRIDGE,MA,02142,01/08/16 05:13 AM
2-STREET,2,STREET,710,"",182,"","",MEMORIAL,DR,"",CAMBRIDGE,MA,02142,01/08/16 05:13 AM
3-E911_1,3,E911_1,31037,"",33,R,"",MASSACHUSETTS,AVE,"",CAMBRIDGE,MA,02139,01/08/16 05:13 AM
3-MAIL,3,MAIL,708,"",77,"","",MASSACHUSETTS,AVE,"",CAMBRIDGE,MA,02139,01/08/16 05:13 AM
3-PARCL1,3,PARCL1,"","",MEM106,"","","","","",CAMBRIDGE,MA,02142,01/08/16 05:13 AM
3-STREET,3,STREET,"","",33,"","",MASSACHUSETTS,AVE,(Rear),CAMBRIDGE,MA,02139,01/08/16 05:13 AM
4-E911_1,4,E911_1,31039,"",182,R,"",MEMORIAL,DR,"",CAMBRIDGE,MA,02142,01/08/16 05:13 AM
4-MAIL,4,MAIL,708,"",77,"","",MASSACHUSETTS,AVE,"",CAMBRIDGE,MA,02139,01/08/16 05:13 AM
4-PARCL1,4,PARCL1,"","",MEM106,"","","","","",CAMBRIDGE,MA,02142,01/08/16 05:13 AM
4-STREET,4,STREET,"","",182,"","",MEMORIAL,DR,(Rear),CAMBRIDGE,MA,02142,01/08/16 05:13 AM
5-E911_1,5,E911_1,707,"",55,"","",MASSACHUSETTS,AVE,"",CAMBRIDGE,MA,02139,01/08/16 05:13 AM
5-MAIL,5,MAIL,708,"",77,"","",MASSACHUSETTS,AVE,"",CAMBRIDGE,MA,02139,01/08/16 05:13 AM
5-PARCL1,5,PARCL1,"","",MEM106,"","","","","",CAMBRIDGE,MA,02142,01/08/16 05:13 AM
5-STREET,5,STREET,707,"",55,"","",MASSACHUSETTS,AVE,"",CAMBRIDGE,MA,02139,01/08/16 05:13 AM
6-E911_1,6,E911_1,31039,"",182,R,"",MEMORIAL,DR,"",CAMBRIDGE,MA,02142,01/08/16 05:13 AM
6-MAIL,6,MAIL,708,"",77,"","",MASSACHUSETTS,AVE,"",CAMBRIDGE,MA,02139,01/08/16 05:13 AM
6-PARCL1,6,PARCL1,"","",MEM106,"","","","","",CAMBRIDGE,MA,02142,01/08/16 05:13 AM
6-STREET,6,STREET,"","",182,"","",MEMORIAL,DR,(Rear),CAMBRIDGE,MA,02142,01/08/16 05:13 AM
6B-E911_1,6B,E911_1,31039,"",182,R,"",MEMORIAL,DR,"",CAMBRIDGE,MA,02142,01/08/16 05:13 AM
6B-MAIL,6B,MAIL,708,"",77,"","",MASSACHUSETTS,AVE,"",CAMBRIDGE,MA,02139,01/08/16 05:13 AM
6B-PARCL1,6B,PARCL1,"","",MEM106,"","","","","",CAMBRIDGE,MA,02142,01/08/16 05:13 AM
6B-STREET,6B,STREET,"","",182,"","",MEMORIAL,DR,(Rear),CAMBRIDGE,MA,02142,01/08/16 05:13 AM
6C-E911_1,6C,E911_1,31039,"",182,R,"",MEMORIAL,DR,"",CAMBRIDGE,MA,02142,01/08/16 05:13 AM
6C-MAIL,6C,MAIL,708,"",77,"","",MASSACHUSETTS,AVE,"",CAMBRIDGE,MA,02139,01/08/16 05:13 AM
6C-STREET,6C,STREET,"","",182,"","",MEMORIAL,DR,(Rear),CAMBRIDGE,MA,02142,01/08/16 05:13 AM
7-E911_1,7,E911_1,708,"",77,"","",MASSACHUSETTS,AVE,"",CAMBRIDGE,MA,02139,01/08/16 05:13 AM
7-MAIL,7,MAIL,708,"",77,"","",MASSACHUSETTS,AVE,"",CAMBRIDGE,MA,02139,01/08/16 05:13 AM
7-PARCL1,7,PARCL1,"","",MEM106,"","","","","",CAMBRIDGE,MA,02142,01/08/16 05:13 AM
7-STREET,7,STREET,708,"",77,"","",MASSACHUSETTS,AVE,"",CAMBRIDGE,MA,02139,01/08/16 05:13 AM
7A-E911_1,7A,E911_1,708,"",77,"","",MASSACHUSETTS,AVE,"",CAMBRIDGE,MA,02139,01/08/16 05:13 AM
7A-MAIL,7A,MAIL,708,"",77,"","",MASSACHUSETTS,AVE,"",CAMBRIDGE,MA,02139,01/08/16 05:13 AM
7A-PARCL1,7A,PARCL1,"","",MEM106,"","","","","",CAMBRIDGE,MA,02142,01/08/16 05:13 AM
7A-STREET,7A,STREET,708,"",77,"","",MASSACHUSETTS,AVE,"",CAMBRIDGE,MA,02139,01/08/16 05:13 AM
8-E911_1,8,E911_1,25343,"",21,"","",AMES,ST,"",CAMBRIDGE,MA,02142,01/08/16 05:13 AM
8-MAIL,8,MAIL,708,"",77,"","",MASSACHUSETTS,AVE,"",CAMBRIDGE,MA,02139,01/08/16 05:13 AM
8-PARCL1,8,PARCL1,"","",MEM106,"","","","","",CAMBRIDGE,MA,02142,01/08/16 05:13 AM
8-STREET,8,STREET,25343,"",21,"","",AMES,ST,"",CAMBRIDGE,MA,02142,01/08/16 05:13 AM
9-E911_1,9,E911_1,704,"",105,"","",MASSACHUSETTS,AVE,"",CAMBRIDGE,MA,02139,01/08/16 05:13 AM
9-MAIL,9,MAIL,708,"",77,"","",MASSACHUSETTS,AVE,"",CAMBRIDGE,MA,02139,01/08/16 05:13 AM
9-PARCL1,9,PARCL1,"","",MEM106,"","","","","",CAMBRIDGE,MA,02142,01/08/16 05:13 AM
9-STREET,9,STREET,704,"",105,"","",MASSACHUSETTS,AVE,"",CAMBRIDGE,MA,02139,01/08/16 05:13 AM
10-E911_1,10,E911_1,26060,"",222,"","",MEMORIAL,DR,"",CAMBRIDGE,MA,02139,01/08/16 05:13 AM
10-MAIL,10,MAIL,708,"",77,"","",MASSACHUSETTS,AVE,"",CAMBRIDGE,MA,02139,01/08/16 05:13 AM
10-PARCL1,10,PARCL1,"","",MEM106,"","","","","",CAMBRIDGE,MA,02142,01/08/16 05:13 AM
10-STREET,10,STREET,26060,"",222,"","",MEMORIAL,DR,"",CAMBRIDGE,MA,02139,01/08/16 05:13 AM
11-E911_1,11,E911_1,31040,"",77,R,"",MASSACHUSETTS,AVE,"",CAMBRIDGE,MA,02139,01/08/16 05:13 AM
11-MAIL,11,MAIL,708,"",77,"","",MASSACHUSETTS,AVE,"",CAMBRIDGE,MA,02139,01/08/16 05:13 AM
11-PARCL1,11,PARCL1,"","",MEM106,"","","","","",CAMBRIDGE,MA,02142,01/08/16 05:13 AM
11-STREET,11,STREET,"","",77,"","",MASSACHUSETTS,AVE,(Rear),CAMBRIDGE,MA,02139,01/08/16 05:13 AM
13-E911_1,13,E911_1,31912,"",105,R,"",MASSACHUSETTS,AVE,"",CAMBRIDGE,MA,02139,01/08/16 05:13 AM
13-MAIL,13,MAIL,708,"",77,"","",MASSACHUSETTS,AVE,"",CAMBRIDGE,MA,02139,01/08/16 05:13 AM
13-PARCL1,13,PARCL1,"","",MEM106,"","","","","",CAMBRIDGE,MA,02142,01/08/16 05:13 AM
13-STREET,13,STREET,"","",105,"","",MASSACHUSETTS,AVE,(Rear),CAMBRIDGE,MA,02139,01/08/16 05:13 AM
14-E911_1,14,E911_1,27500,"",160,"","",MEMORIAL,DR,"",CAMBRIDGE,MA,02142,01/08/16 05:13 AM
14-MAIL,14,MAIL,708,"",77,"","",MASSACHUSETTS,AVE,"",CAMBRIDGE,MA,02139,01/08/16 05:13 AM
14-PARCL1,14,PARCL1,"","",MEM106,"","","","","",CAMBRIDGE,MA,02142,01/08/16 05:13 AM
14-STREET,14,STREET,27500,"",160,"","",MEMORIAL,DR,"",CAMBRIDGE,MA,02142,01/08/16 05:13 AM
14E-E911_1,14E,E911_1,27500,"",160,"","",MEMORIAL,DR,"",CAMBRIDGE,MA,02142,01/08/16 05:13 AM
14E-STREET,14E,STREET,27500,"",160,"","",MEMORIAL,DR,"",CAMBRIDGE,MA,02142,01/08/16 05:13 AM
14N-E911_1,14N,E911_1,27500,"",160,"","",MEMORIAL,DR,"",CAMBRIDGE,MA,02142,01/08/16 05:13 AM
14N-STREET,14N,STREET,27500,"",160,"","",MEMORIAL,DR,"",CAMBRIDGE,MA,02142,01/08/16 05:13 AM
14S-E911_1,14S,E911_1,27500,"",160,"","",MEMORIAL,DR,"",CAMBRIDGE,MA,02142,01/08/16 05:13 AM
14S-STREET,14S,STREET,27500,"",160,"","",MEMORIAL,DR,"",CAMBRIDGE,MA,02142,01/08/16 05:13 AM
14W-E911_1,14W,E911_1,27500,"",160,"","",MEMORIAL,DR,"",CAMBRIDGE,MA,02142,01/08/16 05:13 AM
14W-STREET,14W,STREET,27500,"",160,"","",MEMORIAL,DR,"",CAMBRIDGE,MA,02142,01/08/16 05:13 AM
16-E911_1,16,E911_1,25343,"",21,"","",AMES,ST,"",CAMBRIDGE,MA,02142,01/08/16 05:13 AM
16-MAIL,16,MAIL,708,"",77,"","",MASSACHUSETTS,AVE,"",CAMBRIDGE,MA,02139,01/08/16 05:13 AM
16-PARCL1,16,PARCL1,"","",MEM106,"","","","","",CAMBRIDGE,MA,02142,01/08/16 05:13 AM
16-STREET,16,STREET,25343,"",21,"","",AMES,ST,"",CAMBRIDGE,MA,02142,01/08/16 05:13 AM
17-E911_1,17,E911_1,705,"",76,"","",VASSAR,ST,"",CAMBRIDGE,MA,02139,01/08/16 05:13 AM
17-MAIL,17,MAIL,708,"",77,"","",MASSACHUSETTS,AVE,"",CAMBRIDGE,MA,02139,01/08/16 05:13 AM
17-PARCL1,17,PARCL1,"","",MEM106,"","","","","",CAMBRIDGE,MA,02142,01/08/16 05:13 AM
17-STREET,17,STREET,705,"",76,"","",VASSAR,ST,"",CAMBRIDGE,MA,02139,01/08/16 05:13 AM
18-E911_1,18,E911_1,25343,"",21,"","",AMES,ST,"",CAMBRIDGE,MA,02142,01/08/16 05:13 AM
18-MAIL,18,MAIL,708,"",77,"","",MASSACHUSETTS,AVE,"",CAMBRIDGE,MA,02139,01/08/16 05:13 AM
18-PARCL1,18,PARCL1,"","",MEM106,"","","","","",CAMBRIDGE,MA,02142,01/08/16 05:13 AM
18-STREET,18,STREET,25343,"",21,"","",AMES,ST,"",CAMBRIDGE,MA,02142,01/08/16 05:13 AM
24-E911_1,24,E911_1,711,"",60,"","",VASSAR,ST,"",CAMBRIDGE,MA,02139,01/08/16 05:13 AM
24-MAIL,24,MAIL,708,"",77,"","",MASSACHUSETTS,AVE,"",CAMBRIDGE,MA,02139,01/08/16 05:13 AM
24-PARCL1,24,PARCL1,"","",MEM106,"","","","","",CAMBRIDGE,MA,02142,01/08/16 05:13 AM
24-STREET,24,STREET,711,"",60,"","",VASSAR,ST,"",CAMBRIDGE,MA,02139,01/08/16 05:13 AM
26-E911_1,26,E911_1,711,"",60,"","",VASSAR,ST,"",CAMBRIDGE,MA,02139,01/08/16 05:13 AM
26-MAIL,26,MAIL,708,"",77,"","",MASSACHUSETTS,AVE,"",CAMBRIDGE,MA,02139,01/08/16 05:13 AM
26-PARCL1,26,PARCL1,"","",MEM106,"","","","","",CAMBRIDGE,MA,02142,01/08/16 05:13 AM
26-STREET,26,STREET,711,"",60,"","",VASSAR,ST,"",CAMBRIDGE,MA,02139,01/08/16 05:13 AM
31-E911_1,31,E911_1,31913,"",70,R,"",VASSAR,ST,"",CAMBRIDGE,MA,02139,01/08/16 05:13 AM
31-MAIL,31,MAIL,708,"",77,"","",MASSACHUSETTS,AVE,"",CAMBRIDGE,MA,02139,01/08/16 05:13 AM
31-PARCL1,31,PARCL1,"","",MEM106,"","","","","",CAMBRIDGE,MA,02142,01/08/16 05:13 AM
31-STREET,31,STREET,"","",70,"","",VASSAR,ST,(Rear),CAMBRIDGE,MA,02139,01/08/16 05:13 AM
32-E911_1,32,E911_1,26366,"",32,"","",VASSAR,ST,"",CAMBRIDGE,MA,02139,01/08/16 05:13 AM
32-MAIL,32,MAIL,708,"",77,"","",MASSACHUSETTS,AVE,"",CAMBRIDGE,MA,02139,01/08/16 05:13 AM
32-STREET,32,STREET,26366,"",32,"","",VASSAR,ST,"",CAMBRIDGE,MA,02139,01/08/16 05:13 AM
32P-E911_1,32P,E911_1,26366,"",32,"","",VASSAR,ST,"",CAMBRIDGE,MA,02139,01/08/16 05:13 AM
32P-MAIL,32P,MAIL,708,"",77,"","",MASSACHUSETTS,AVE,"",CAMBRIDGE,MA,02139,01/08/16 05:13 AM
32P-STREET,32P,STREET,26366,"",32,"","",VASSAR,ST,"",CAMBRIDGE,MA,02139,01/08/16 05:13 AM
33-E911_1,33,E911_1,703,"",125,"","",MASSACHUSETTS,AVE,"",CAMBRIDGE,MA,02139,01/08/16 05:13 AM
33-MAIL,33,MAIL,708,"",77,"","",MASSACHUSETTS,AVE,"",CAMBRIDGE,MA,02139,01/08/16 05:13 AM
33-PARCL1,33,PARCL1,"","",MEM106,"","","","","",CAMBRIDGE,MA,02142,01/08/16 05:13 AM
33-STREET,33,STREET,703,"",125,"","",MASSACHUSETTS,AVE,"",CAMBRIDGE,MA,02139,01/08/16 05:13 AM
34-E911_1,34,E911_1,26367,"",50,"","",VASSAR,ST,"",CAMBRIDGE,MA,02139,01/08/16 05:13 AM
34-MAIL,34,MAIL,708,"",77,"","",MASSACHUSETTS,AVE,"",CAMBRIDGE,MA,02139,01/08/16 05:13 AM
34-PARCL1,34,PARCL1,"","",MEM106,"","","","","",CAMBRIDGE,MA,02142,01/08/16 05:13 AM
34-STREET,34,STREET,26367,"",50,"","",VASSAR,ST,"",CAMBRIDGE,MA,02139,01/08/16 05:13 AM
35-E911_1,35,E911_1,26994,"",127,"","",MASSACHUSETTS,AVE,"",CAMBRIDGE,MA,02139,01/08/16 05:13 AM
35-MAIL,35,MAIL,708,"",77,"","",MASSACHUSETTS,AVE,"",CAMBRIDGE,MA,02139,01/08/16 05:13 AM
35-PARCL1,35,PARCL1,"","",MEM106,"","","","","",CAMBRIDGE,MA,02142,01/08/16 05:13 AM
35-STREET,35,STREET,26994,"",127,"","",MASSACHUSETTS,AVE,"",CAMBRIDGE,MA,02139,01/08/16 05:13 AM
36-E911_1,36,E911_1,26367,"",50,"","",VASSAR,ST,"",CAMBRIDGE,MA,02139,01/08/16 05:13 AM
36-MAIL,36,MAIL,708,"",77,"","",MASSACHUSETTS,AVE,"",CAMBRIDGE,MA,02139,01/08/16 05:13 AM
36-PARCL1,36,PARCL1,"","",MEM106,"","","","","",CAMBRIDGE,MA,02142,01/08/16 05:13 AM
36-STREET,36,STREET,26367,"",50,"","",VASSAR,ST,"",CAMBRIDGE,MA,02139,01/08/16 05:13 AM
37-E911_1,37,E911_1,706,"",70,"","",VASSAR,ST,"",CAMBRIDGE,MA,02139,01/08/16 05:13 AM
37-MAIL,37,MAIL,708,"",77,"","",MASSACHUSETTS,AVE,"",CAMBRIDGE,MA,02139,01/08/16 05:13 AM
37-PARCL1,37,PARCL1,"","",MEM106,"","","","","",CAMBRIDGE,MA,02142,01/08/16 05:13 AM
37-STREET,37,STREET,706,"",70,"","",VASSAR,ST,"",CAMBRIDGE,MA,02139,01/08/16 05:13 AM
38-E911_1,38,E911_1,26367,"",50,"","",VASSAR,ST,"",CAMBRIDGE,MA,02139,01/08/16 05:13 AM
38-MAIL,38,MAIL,708,"",77,"","",MASSACHUSETTS,AVE,"",CAMBRIDGE,MA,02139,01/08/16 05:13 AM
38-PARCL1,38,PARCL1,"","",MEM106,"","","","","",CAMBRIDGE,MA,02142,01/08/16 05:13 AM
38-STREET,38,STREET,26367,"",50,"","",VASSAR,ST,"",CAMBRIDGE,MA,02139,01/08/16 05:13 AM
39-E911_1,39,E911_1,711,"",60,"","",VASSAR,ST,"",CAMBRIDGE,MA,02139,01/08/16 05:13 AM
39-MAIL,39,MAIL,708,"",77,"","",MASSACHUSETTS,AVE,"",CAMBRIDGE,MA,02139,01/08/16 05:13 AM
39-PARCL1,39,PARCL1,"","",MEM106,"","","","","",CAMBRIDGE,MA,02142,01/08/16 05:13 AM
39-STREET,39,STREET,711,"",60,"","",VASSAR,ST,"",CAMBRIDGE,MA,02139,01/08/16 05:13 AM
41-E911_1,41,E911_1,30245,"",77,"","",VASSAR,ST,"",CAMBRIDGE,MA,02139,01/08/16 05:13 AM
41-MAIL,41,MAIL,708,"",77,"","",MASSACHUSETTS,AVE,"",CAMBRIDGE,MA,02139,01/08/16 05:13 AM
41-PARCL1,41,PARCL1,"","",MEM106,"","","","","",CAMBRIDGE,MA,02142,01/08/16 05:13 AM
41-STREET,41,STREET,30245,"",77,"","",VASSAR,ST,"",CAMBRIDGE,MA,02139,01/08/16 05:13 AM
42-E911_1,42,E911_1,684,"",59,"","",VASSAR,ST,"",CAMBRIDGE,MA,02139,01/08/16 05:13 AM
42-MAIL,42,MAIL,708,"",77,"","",MASSACHUSETTS,AVE,"",CAMBRIDGE,MA,02139,01/08/16 05:13 AM
42-PARCL1,42,PARCL1,"","",MEM106,"","","","","",CAMBRIDGE,MA,02142,01/08/16 05:13 AM
42-STREET,42,STREET,684,"",59,"","",VASSAR,ST,"",CAMBRIDGE,MA,02139,01/08/16 05:13 AM
42T-E911_1,42T,E911_1,684,"",59,"","",VASSAR,ST,"",CAMBRIDGE,MA,02139,01/08/16 05:13 AM
42T-STREET,42T,STREET,684,"",59,"","",VASSAR,ST,"",CAMBRIDGE,MA,02139,01/08/16 05:13 AM
43-E911_1,43,E911_1,29749,"",57,"","",VASSAR,ST,"",CAMBRIDGE,MA,02139,01/08/16 05:13 AM
43-MAIL,43,MAIL,708,"",77,"","",MASSACHUSETTS,AVE,"",CAMBRIDGE,MA,02139,01/08/16 05:13 AM
43-PARCL1,43,PARCL1,"","",MEM106,"","","","","",CAMBRIDGE,MA,02142,01/08/16 05:13 AM
43-STREET,43,STREET,29749,"",57,"","",VASSAR,ST,"",CAMBRIDGE,MA,02139,01/08/16 05:13 AM
44-E911_1,44,E911_1,718,"",51,"","",VASSAR,ST,"",CAMBRIDGE,MA,02139,01/08/16 05:13 AM
44-MAIL,44,MAIL,708,"",77,"","",MASSACHUSETTS,AVE,"",CAMBRIDGE,MA,02139,01/08/16 05:13 AM
44-PARCL1,44,PARCL1,"","",MEM106,"","","","","",CAMBRIDGE,MA,02142,01/08/16 05:13 AM
44-STREET,44,STREET,718,"",51,"","",VASSAR,ST,"",CAMBRIDGE,MA,02139,01/08/16 05:13 AM
46-E911_1,46,E911_1,29292,"",43,"","",VASSAR,ST,"",CAMBRIDGE,MA,02139,01/08/16 05:13 AM
46-MAIL,46,MAIL,30245,"",77,"","",VASSAR,ST,"",CAMBRIDGE,MA,02139,01/08/16 05:13 AM
46-STREET,46,STREET,29292,"",43,"","",VASSAR,ST,"",CAMBRIDGE,MA,02139,01/08/16 05:13 AM
48-E911_1,48,E911_1,720,"",15,"","",VASSAR,ST,"",CAMBRIDGE,MA,02139,01/08/16 05:13 AM
48-MAIL,48,MAIL,708,"",77,"","",MASSACHUSETTS,AVE,"",CAMBRIDGE,MA,02139,01/08/16 05:13 AM
48-PARCL1,48,PARCL1,"","",MEM106,"","","","","",CAMBRIDGE,MA,02142,01/08/16 05:13 AM
48-STREET,48,STREET,720,"",15,"","",VASSAR,ST,"",CAMBRIDGE,MA,02139,01/08/16 05:13 AM
50-E911_1,50,E911_1,731,"",142,"","",MEMORIAL,DR,"",CAMBRIDGE,MA,02142,01/08/16 05:13 AM
50-MAIL,50,MAIL,708,"",77,"","",MASSACHUSETTS,AVE,"",CAMBRIDGE,MA,02139,01/08/16 05:13 AM
50-PARCL1,50,PARCL1,"","",MEM106,"","","","","",CAMBRIDGE,MA,02142,01/08/16 05:13 AM
50-STREET,50,STREET,731,"",142,"","",MEMORIAL,DR,"",CAMBRIDGE,MA,02142,01/08/16 05:13 AM
51-E911_1,51,E911_1,730,"",134,"","",MEMORIAL,DR,"",CAMBRIDGE,MA,02142,01/08/16 05:13 AM
51-MAIL,51,MAIL,708,"",77,"","",MASSACHUSETTS,AVE,"",CAMBRIDGE,MA,02139,01/08/16 05:13 AM
51-PARCL1,51,PARCL1,"","",MEM106,"","","","","",CAMBRIDGE,MA,02142,01/08/16 05:13 AM
51-STREET,51,STREET,730,"",134,"","",MEMORIAL,DR,"",CAMBRIDGE,MA,02142,01/08/16 05:13 AM
54-E911_1,54,E911_1,25343,"",21,"","",AMES,ST,"",CAMBRIDGE,MA,02142,01/08/16 05:13 AM
54-MAIL,54,MAIL,708,"",77,"","",MASSACHUSETTS,AVE,"",CAMBRIDGE,MA,02139,01/08/16 05:13 AM
54-PARCL1,54,PARCL1,"","",MEM106,"","","","","",CAMBRIDGE,MA,02142,01/08/16 05:13 AM
54-STREET,54,STREET,25343,"",21,"","",AMES,ST,"",CAMBRIDGE,MA,02142,01/08/16 05:13 AM
56-E911_1,56,E911_1,25343,"",21,"","",AMES,ST,"",CAMBRIDGE,MA,02142,01/08/16 05:13 AM
56-MAIL,56,MAIL,708,"",77,"","",MASSACHUSETTS,AVE,"",CAMBRIDGE,MA,02139,01/08/16 05:13 AM
56-PARCL1,56,PARCL1,"","",MEM106,"","","","","",CAMBRIDGE,MA,02142,01/08/16 05:13 AM
56-STREET,56,STREET,25343,"",21,"","",AMES,ST,"",CAMBRIDGE,MA,02142,01/08/16 05:13 AM
57-E911_1,57,E911_1,31036,"",6,"","",VASSAR,ST,"",CAMBRIDGE,MA,02139,01/08/16 05:13 AM
57-MAIL,57,MAIL,708,"",77,"","",MASSACHUSETTS,AVE,"",CAMBRIDGE,MA,02139,01/08/16 05:13 AM
57-PARCL1,57,PARCL1,"","",MEM106,"","","","","",CAMBRIDGE,MA,02142,01/08/16 05:13 AM
57-STREET,57,STREET,31036,"",6,"","",VASSAR,ST,"",CAMBRIDGE,MA,02139,01/08/16 05:13 AM
62-E911_1,62,E911_1,31041,"",3,R,"",AMES,ST,"",CAMBRIDGE,MA,02142,01/08/16 05:13 AM
62-MAIL,62,MAIL,"","",3,"","",AMES,ST,(Rear),CAMBRIDGE,MA,02142,01/08/16 05:13 AM
62-PARCL1,62,PARCL1,"","",MEM106,"","","","","",CAMBRIDGE,MA,02142,01/08/16 05:13 AM
62-STREET,62,STREET,"","",3,"","",AMES,ST,(Rear),CAMBRIDGE,MA,02142,01/08/16 05:13 AM
62H-E911_1,62H,E911_1,31041,"",3,R,"",AMES,ST,"",CAMBRIDGE,MA,02142,01/08/16 05:13 AM
62H-STREET,62H,STREET,"","",3,"","",AMES,ST,(Rear),CAMBRIDGE,MA,02142,01/08/16 05:13 AM
62M-E911_1,62M,E911_1,31041,"",3,R,"",AMES,ST,"",CAMBRIDGE,MA,02142,01/08/16 05:13 AM
62M-STREET,62M,STREET,"","",3,"","",AMES,ST,(Rear),CAMBRIDGE,MA,02142,01/08/16 05:13 AM
62W-E911_1,62W,E911_1,31041,"",3,R,"",AMES,ST,"",CAMBRIDGE,MA,02142,01/08/16 05:13 AM
62W-STREET,62W,STREET,"","",3,"","",AMES,ST,(Rear),CAMBRIDGE,MA,02142,01/08/16 05:13 AM
64-E911_1,64,E911_1,24630,"",3,"","",AMES,ST,"",CAMBRIDGE,MA,02142,01/08/16 05:13 AM
64-MAIL,64,MAIL,24630,"",3,"","",AMES,ST,"",CAMBRIDGE,MA,02142,01/08/16 05:13 AM
64-PARCL1,64,PARCL1,"","",MEM106,"","","","","",CAMBRIDGE,MA,02142,01/08/16 05:13 AM
64-STREET,64,STREET,24630,"",3,"","",AMES,ST,"",CAMBRIDGE,MA,02142,01/08/16 05:13 AM
64B-E911_1,64B,E911_1,24630,"",3,"","",AMES,ST,"",CAMBRIDGE,MA,02142,01/08/16 05:13 AM
64B-STREET,64B,STREET,24630,"",3,"","",AMES,ST,"",CAMBRIDGE,MA,02142,01/08/16 05:13 AM
64G-E911_1,64G,E911_1,24630,"",3,"","",AMES,ST,"",CAMBRIDGE,MA,02142,01/08/16 05:13 AM
64G-STREET,64G,STREET,24630,"",3,"","",AMES,ST,"",CAMBRIDGE,MA,02142,01/08/16 05:13 AM
64W-E911_1,64W,E911_1,24630,"",3,"","",AMES,ST,"",CAMBRIDGE,MA,02142,01/08/16 05:13 AM
64W-STREET,64W,STREET,24630,"",3,"","",AMES,ST,"",CAMBRIDGE,MA,02142,01/08/16 05:13 AM
66-E911_1,66,E911_1,25344,"",25,"","",AMES,ST,"",CAMBRIDGE,MA,02142,01/08/16 05:13 AM
66-MAIL,66,MAIL,708,"",77,"","",MASSACHUSETTS,AVE,"",CAMBRIDGE,MA,02139,01/08/16 05:13 AM
66-PARCL1,66,PARCL1,"","",MEM106,"","","","","",CAMBRIDGE,MA,02142,01/08/16 05:13 AM
66-STREET,66,STREET,25344,"",25,"","",AMES,ST,"",CAMBRIDGE,MA,02142,01/08/16 05:13 AM
NW16-E911_1,NW16,E911_1,634,"",167,"","",ALBANY,ST,"",CAMBRIDGE,MA,02139,01/08/16 05:13 AM
NW16-PARCL1,NW16,PARCL1,"","",ALB167,"","","","","","","",02139,01/08/16 05:13 AM
NW16-STREET,NW16,STREET,634,"",167,"","",ALBANY,ST,"",CAMBRIDGE,MA,02139,01/08/16 05:13 AM
NW17-E911_1,NW17,E911_1,633,"",175,"","",ALBANY,ST,"",CAMBRIDGE,MA,02139,01/08/16 05:13 AM
NW17-PARCL1,NW17,PARCL1,"","",ALB175,"","","","","","","",02139,01/08/16 05:13 AM
NW17-STREET,NW17,STREET,633,"",175,"","",ALBANY,ST,"",CAMBRIDGE,MA,02139,01/08/16 05:13 AM
NW20-E911_1,NW20,E911_1,27751,"",180,"","",ALBANY,ST,"",CAMBRIDGE,MA,02139,01/08/16 05:13 AM
NW20-MAIL,NW20,MAIL,708,"",77,"","",MASSACHUSETTS,AVE,"",CAMBRIDGE,MA,02139,01/08/16 05:13 AM
NW20-PARCL1,NW20,PARCL1,"","",ALB144,"","","","","","","",02139,01/08/16 05:13 AM
NW20-STREET,NW20,STREET,27751,"",180,"","",ALBANY,ST,"",CAMBRIDGE,MA,02139,01/08/16 05:13 AM
NW21-E911_1,NW21,E911_1,27847,"",190,"","",ALBANY,ST,"",CAMBRIDGE,MA,02139,01/08/16 05:13 AM
NW21-PARCL1,NW21,PARCL1,"","",ALB180,"","","","","","","",02139,01/08/16 05:13 AM
NW21-STREET,NW21,STREET,27847,"",190,"","",ALBANY,ST,"",CAMBRIDGE,MA,02139,01/08/16 05:13 AM
NW22-E911_1,NW22,E911_1,3689,"",185,"","",ALBANY,ST,"",CAMBRIDGE,MA,02139,01/08/16 05:13 AM
NW22-E911_2,NW22,E911_2,"","",195,"","",ALBANY,"","",CAMBRIDGE,MA,02139,01/08/16 05:13 AM
NW22-MAIL,NW22,MAIL,"","",195,"","",ALBANY,"","",CAMBRIDGE,MA,02139,01/08/16 05:13 AM
NW22-PARCL1,NW22,PARCL1,"","",ALB185,"","","","","","","",02139,01/08/16 05:13 AM
NW22-STREET,NW22,STREET,3689,"",185,"","",ALBANY,ST,"",CAMBRIDGE,MA,02139,01/08/16 05:13 AM
NW30-E911_1,NW30,E911_1,629,"",224,"","",ALBANY,ST,"",CAMBRIDGE,MA,02139,01/08/16 05:13 AM
NW30-MAIL,NW30,MAIL,708,"",77,"","",MASSACHUSETTS,AVE,"",CAMBRIDGE,MA,02139,01/08/16 05:13 AM
NW30-PARCL1,NW30,PARCL1,"","",ALB224,"","","","","","","",02139,01/08/16 05:13 AM
NW30-STREET,NW30,STREET,629,"",224,"","",ALBANY,ST,"",CAMBRIDGE,MA,02139,01/08/16 05:13 AM
NW35-E911_1,NW35,E911_1,31391,"",235,"","",ALBANY,ST,"",CAMBRIDGE,MA,02139,01/08/16 05:13 AM
NW35-MAIL,NW35,MAIL,708,"",77,"","",MASSACHUSETTS,AVE,"",CAMBRIDGE,MA,02139,01/08/16 05:13 AM
NW35-STREET,NW35,STREET,31391,"",235,"","",ALBANY,ST,"",CAMBRIDGE,MA,02139,01/08/16 05:13 AM
NW61-E911_1,NW61,E911_1,16360,"",282,"","",MASSACHUSETTS,AVE,"",CAMBRIDGE,MA,02139,01/08/16 05:13 AM
NW61-E911_2,NW61,E911_2,16357,"",290,"","",MASSACHUSETTS,AVE,"",CAMBRIDGE,MA,02139,01/08/16 05:13 AM
NW61-MAIL,NW61,MAIL,"","",292-290,"","",MASSACHUSETTS,AVE,"",CAMBRIDGE,MA,02139,01/08/16 05:13 AM
NW61-PARCL1,NW61,PARCL1,"","",MAS282,"","","","","","","",02139,01/08/16 05:13 AM
NW61-STREET,NW61,STREET,"","",292-290,"","",MASSACHUSETTS,AVE,"",CAMBRIDGE,MA,02139,01/08/16 05:13 AM
NW86-E911_1,NW86,E911_1,2807,"",70,"","",PACIFIC,ST,"",CAMBRIDGE,MA,02139,01/08/16 05:13 AM
NW86-E911_2,NW86,E911_2,"","",100,"","",SIDNEY,"","",CAMBRIDGE,MA,02139,01/08/16 05:13 AM
NW86-MAIL,NW86,MAIL,708,"",77,"","",MASSACHUSETTS,AVE,"",CAMBRIDGE,MA,02139,01/08/16 05:13 AM
NW86-STREET,NW86,STREET,2807,"",70,"","",PACIFIC,ST,"",CAMBRIDGE,MA,02139,01/08/16 05:13 AM
NW86P-E911_1,NW86P,E911_1,2807,"",70,"","",PACIFIC,ST,"",CAMBRIDGE,MA,02139,01/08/16 05:13 AM
NW86P-E911_2,NW86P,E911_2,"","",100,"","",SIDNEY,"","",CAMBRIDGE,MA,02139,01/08/16 05:13 AM
NW86P-MAIL,NW86P,MAIL,708,"",77,"","",MASSACHUSETTS,AVE,"",CAMBRIDGE,MA,02139,01/08/16 05:13 AM
NW86P-STREET,NW86P,STREET,2807,"",70,"","",PACIFIC,ST,"",CAMBRIDGE,MA,02139,01/08/16 05:13 AM
OC1-E911_1,OC1,E911_1,"","",80,"","",HAVEN,ST,"",DEDHAM,MA,02026,01/08/16 05:13 AM
OC1-STREET,OC1,STREET,"","",80,"","",HAVEN,ST,"",DEDHAM,MA,02026,01/08/16 05:13 AM
OC1A-E911_1,OC1A,E911_1,"","",80,"","",HAVEN,ST,"",DEDHAM,MA,02026,01/08/16 05:13 AM
OC1A-MAIL,OC1A,MAIL,"","",80,"","",HAVEN,ST,"",DEDHAM,MA,02026,01/08/16 05:13 AM
OC1A-STREET,OC1A,STREET,"","",80,"","",HAVEN,ST,"",DEDHAM,MA,02026,01/08/16 05:13 AM
OC6-E911_1,OC6,E911_1,"","",645,"","",SUMMER,ST,"",BOSTON,MA,02210,01/08/16 05:13 AM
OC6-MAIL,OC6,MAIL,"","",77,"","",MASSACHUSETTS,AVE,(Rear),CAMBRIDGE,MA,02139,01/08/16 05:13 AM
OC6-STREET,OC6,STREET,"","",645,"","",SUMMER,ST,"",BOSTON,MA,02210,01/08/16 05:13 AM
OC100-E911_1,OC100,E911_1,"","",820,"","",FIRST,ST,NE,WASHINGTON,DC,20002,01/08/16 05:13 AM
OC100-STREET,OC100,STREET,"","",820,"","",FIRST,ST,NE,WASHINGTON,DC,20002,01/08/16 05:13 AM
OC11-E911_1,OC11,E911_1,"","",1,"","",SUMMER,ST,"",BOSTON,MA,02110,01/08/16 05:13 AM
OC11-MAIL,OC11,MAIL,"","",1,"","",SUMMER,ST,"",BOSTON,MA,02110,01/08/16 05:13 AM
OC11-STREET,OC11,STREET,"","",1,"","",SUMMER,ST,"",BOSTON,MA,02110,01/08/16 05:13 AM
OC19A-E911_1,OC19A,E911_1,"","",21,"","",MANNING,AVE,"",MIDDLETON,MA,01949,01/08/16 05:13 AM
OC19A-STREET,OC19A,STREET,"","",21,"","",MANNING,AVE,"",MIDDLETON,MA,01949,01/08/16 05:13 AM
OC19B-E911_1,OC19B,E911_1,"","",21,"","",MANNING,AVE,"",MIDDLETON,MA,01949,01/08/16 05:13 AM
OC19B-STREET,OC19B,STREET,"","",21,"","",MANNING,AVE,"",MIDDLETON,MA,01949,01/08/16 05:13 AM
OC19C-E911_1,OC19C,E911_1,"","",21,"","",MANNING,AVE,"",MIDDLETON,MA,01949,01/08/16 05:13 AM
OC19C-STREET,OC19C,STREET,"","",21,"","",MANNING,AVE,"",MIDDLETON,MA,01949,01/08/16 05:13 AM
OC19D-E911_1,OC19D,E911_1,"","",21,"","",MANNING,AVE,"",MIDDLETON,MA,01949,01/08/16 05:13 AM
OC19D-STREET,OC19D,STREET,"","",21,"","",MANNING,AVE,"",MIDDLETON,MA,01949,01/08/16 05:13 AM
OC19E-E911_1,OC19E,E911_1,"","",21,"","",MANNING,AVE,"",MIDDLETON,MA,01949,01/08/16 05:13 AM
OC19E-STREET,OC19E,STREET,"","",21,"","",MANNING,AVE,"",MIDDLETON,MA,01949,01/08/16 05:13 AM
OC19F-E911_1,OC19F,E911_1,"","",21,"","",MANNING,AVE,"",MIDDLETON,MA,01949,01/08/16 05:13 AM
OC19F-STREET,OC19F,STREET,"","",21,"","",MANNING,AVE,"",MIDDLETON,MA,01949,01/08/16 05:13 AM
OC19G-E911_1,OC19G,E911_1,"","",21,"","",MANNING,AVE,"",MIDDLETON,MA,01949,01/08/16 05:13 AM
OC19G-STREET,OC19G,STREET,"","",21,"","",MANNING,AVE,"",MIDDLETON,MA,01949,01/08/16 05:13 AM
OC19H-E911_1,OC19H,E911_1,"","",21,"","",MANNING,AVE,"",MIDDLETON,MA,01949,01/08/16 05:13 AM
OC19H-STREET,OC19H,STREET,"","",21,"","",MANNING,AVE,"",MIDDLETON,MA,01949,01/08/16 05:13 AM
OC19J-E911_1,OC19J,E911_1,"","",21,"","",MANNING,AVE,"",MIDDLETON,MA,01949,01/08/16 05:13 AM
OC19J-STREET,OC19J,STREET,"","",21,"","",MANNING,AVE,"",MIDDLETON,MA,01949,01/08/16 05:13 AM
OC19K-E911_1,OC19K,E911_1,"","",21,"","",MANNING,AVE,"",MIDDLETON,MA,01949,01/08/16 05:13 AM
OC19K-STREET,OC19K,STREET,"","",21,"","",MANNING,AVE,"",MIDDLETON,MA,01949,01/08/16 05:13 AM
OC19L-E911_1,OC19L,E911_1,"","",21,"","",MANNING,AVE,"",MIDDLETON,MA,01949,01/08/16 05:13 AM
OC19L-STREET,OC19L,STREET,"","",21,"","",MANNING,AVE,"",MIDDLETON,MA,01949,01/08/16 05:13 AM
OC19M-E911_1,OC19M,E911_1,"","",21,"","",MANNING,AVE,"",MIDDLETON,MA,01949,01/08/16 05:13 AM
OC19M-STREET,OC19M,STREET,"","",21,"","",MANNING,AVE,"",MIDDLETON,MA,01949,01/08/16 05:13 AM
OC19N-E911_1,OC19N,E911_1,"","",21,"","",MANNING,AVE,"",MIDDLETON,MA,01949,01/08/16 05:13 AM
OC19N-STREET,OC19N,STREET,"","",21,"","",MANNING,AVE,"",MIDDLETON,MA,01949,01/08/16 05:13 AM
OC19Q-E911_1,OC19Q,E911_1,"","",21,"","",MANNING,AVE,"",MIDDLETON,MA,01949,01/08/16 05:13 AM
OC19Q-STREET,OC19Q,STREET,"","",21,"","",MANNING,AVE,"",MIDDLETON,MA,01949,01/08/16 05:13 AM
OC20-E911_1,OC20,E911_1,"","",8,"","",TYLER,ST,"",SOMERVILLE,MA,02143,01/08/16 05:13 AM
OC20-STREET,OC20,STREET,"","",8,"","",TYLER,ST,"",SOMERVILLE,MA,02143,01/08/16 05:13 AM
OC21-E911_1,OC21,E911_1,"","",50,"","",GROTON,RD,"",WESTFORD,MA,01886,01/08/16 05:13 AM
OC21-MAIL,OC21,MAIL,"","",50,"","",GROTON,RD,"",WESTFORD,MA,01886,01/08/16 05:13 AM
OC21-STREET,OC21,STREET,"","",50,"","",GROTON,RD,"",WESTFORD,MA,01886,01/08/16 05:13 AM
OC22-E911_1,OC22,E911_1,"","",50,"","",GROTON,RD,"",WESTFORD,MA,01886,01/08/16 05:13 AM
OC22-MAIL,OC22,MAIL,"","",50,"","",GROTON,RD,"",WESTFORD,MA,01886,01/08/16 05:13 AM
OC22-STREET,OC22,STREET,"","",50,"","",GROTON,RD,"",WESTFORD,MA,01886,01/08/16 05:13 AM
OC23-E911_1,OC23,E911_1,"","",50,"","",GROTON,RD,"",WESTFORD,MA,01886,01/08/16 05:13 AM
OC23-MAIL,OC23,MAIL,"","",50,"","",GROTON,RD,"",WESTFORD,MA,01886,01/08/16 05:13 AM
OC23-STREET,OC23,STREET,"","",50,"","",GROTON,RD,"",WESTFORD,MA,01886,01/08/16 05:13 AM
OC24-E911_1,OC24,E911_1,"","",50,"","",GROTON,RD,"",WESTFORD,MA,01886,01/08/16 05:13 AM
OC24-MAIL,OC24,MAIL,"","",50,"","",GROTON,RD,"",WESTFORD,MA,01886,01/08/16 05:13 AM
OC24-STREET,OC24,STREET,"","",50,"","",GROTON,RD,"",WESTFORD,MA,01886,01/08/16 05:13 AM
OC25-E911_1,OC25,E911_1,"","",50,"","",GROTON,RD,"",WESTFORD,MA,01886,01/08/16 05:13 AM
OC25-MAIL,OC25,MAIL,"","",50,"","",GROTON,RD,"",WESTFORD,MA,01886,01/08/16 05:13 AM
OC25-STREET,OC25,STREET,"","",50,"","",GROTON,RD,"",WESTFORD,MA,01886,01/08/16 05:13 AM
OC26-E911_1,OC26,E911_1,"","",50,"","",GROTON,RD,"",WESTFORD,MA,01886,01/08/16 05:13 AM
OC26-MAIL,OC26,MAIL,"","",50,"","",GROTON,RD,"",WESTFORD,MA,01886,01/08/16 05:13 AM
68-E911_1,68,E911_1,25345,"",31,"","",AMES,ST,"",CAMBRIDGE,MA,02142,01/08/16 05:13 AM
68-MAIL,68,MAIL,708,"",77,"","",MASSACHUSETTS,AVE,"",CAMBRIDGE,MA,02139,01/08/16 05:13 AM
68-PARCL1,68,PARCL1,"","",AME31,"","","","","","","",02142,01/08/16 05:13 AM
68-STREET,68,STREET,25345,"",31,"","",AMES,ST,"",CAMBRIDGE,MA,02142,01/08/16 05:13 AM
76-E911_1,76,E911_1,31707,"",500,"","",MAIN,ST,"",CAMBRIDGE,MA,02142,01/08/16 05:13 AM
76-MAIL,76,MAIL,708,"",77,"","",MASSACHUSETTS,AVE,"",CAMBRIDGE,MA,02139,01/08/16 05:13 AM
76-STREET,76,STREET,31707,"",500,"","",MAIN,ST,"",CAMBRIDGE,MA,02142,01/08/16 05:13 AM
E1-E911_1,E1,E911_1,24118,"",111,"","",MEMORIAL,DR,"",CAMBRIDGE,MA,02142,01/08/16 05:13 AM
E1-MAIL,E1,MAIL,24118,"",111,"","",MEMORIAL,DR,"",CAMBRIDGE,MA,02142,01/08/16 05:13 AM
E1-PARCL1,E1,PARCL1,"","",MEM106,"","","","","",CAMBRIDGE,MA,02142,01/08/16 05:13 AM
E1-STREET,E1,STREET,24118,"",111,"","",MEMORIAL,DR,"",CAMBRIDGE,MA,02142,01/08/16 05:13 AM
E2-E911_1,E2,E911_1,29136,"",4,"","",AMES,ST,"",CAMBRIDGE,MA,02142,01/08/16 05:13 AM
E2-E911_2,E2,E911_2,"","",70,"","",AMHERST,ST,"",CAMBRIDGE,MA,02142,01/08/16 05:13 AM
E2-MAIL,E2,MAIL,"","",70,"","",AMHERST,ST,"",CAMBRIDGE,MA,02142,01/08/16 05:13 AM
E2-PARCL1,E2,PARCL1,"","",MEM106,"","","","","",CAMBRIDGE,MA,02142,01/08/16 05:13 AM
E2-STREET,E2,STREET,29136,"",4,"","",AMES,ST,"",CAMBRIDGE,MA,02142,01/08/16 05:13 AM
E14-E911_1,E14,E911_1,31393,"",75,"","",AMHERST,ST,"",CAMBRIDGE,MA,02142,01/08/16 05:13 AM
E14-MAIL,E14,MAIL,708,"",77,"","",MASSACHUSETTS,AVE,"",CAMBRIDGE,MA,02139,01/08/16 05:13 AM
E14-STREET,E14,STREET,31393,"",75,"","",AMHERST,ST,"",CAMBRIDGE,MA,02142,01/08/16 05:13 AM
E15-E911_1,E15,E911_1,25342,"",20,"","",AMES,ST,"",CAMBRIDGE,MA,02142,01/08/16 05:13 AM
E15-MAIL,E15,MAIL,708,"",77,"","",MASSACHUSETTS,AVE,"",CAMBRIDGE,MA,02139,01/08/16 05:13 AM
E15-PARCL1,E15,PARCL1,"","",MAI364,"","","","","","","",02142,01/08/16 05:13 AM
E15-PARCL2,E15,PARCL2,"","",AME12,"","","","","","","",02142,01/08/16 05:13 AM
E15-STREET,E15,STREET,25342,"",20,"","",AMES,ST,"",CAMBRIDGE,MA,02142,01/08/16 05:13 AM
E17-E911_1,E17,E911_1,29173,"",40,"","",AMES,ST,"",CAMBRIDGE,MA,02142,01/08/16 05:13 AM
E17-MAIL,E17,MAIL,708,"",77,"","",MASSACHUSETTS,AVE,"",CAMBRIDGE,MA,02139,01/08/16 05:13 AM
E17-PARCL1,E17,PARCL1,"","",MAI364,"","","","","","","",02142,01/08/16 05:13 AM
E17-STREET,E17,STREET,29173,"",40,"","",AMES,ST,"",CAMBRIDGE,MA,02142,01/08/16 05:13 AM
E18-E911_1,E18,E911_1,29507,"",50,"","",AMES,ST,"",CAMBRIDGE,MA,02142,01/08/16 05:13 AM
E18-MAIL,E18,MAIL,708,"",77,"","",MASSACHUSETTS,AVE,"",CAMBRIDGE,MA,02139,01/08/16 05:13 AM
E18-PARCL1,E18,PARCL1,"","",MAI364,"","","","","","","",02142,01/08/16 05:13 AM
E18-STREET,E18,STREET,29507,"",50,"","",AMES,ST,"",CAMBRIDGE,MA,02142,01/08/16 05:13 AM
E19-E911_1,E19,E911_1,25938,"",400,"","",MAIN,ST,"",CAMBRIDGE,MA,02142,01/08/16 05:13 AM
E19-MAIL,E19,MAIL,708,"",77,"","",MASSACHUSETTS,AVE,"",CAMBRIDGE,MA,02139,01/08/16 05:13 AM
E19-PARCL1,E19,PARCL1,"","",MAI364,"","","","","","","",02142,01/08/16 05:13 AM
E19-STREET,E19,STREET,25938,"",400,"","",MAIN,ST,"",CAMBRIDGE,MA,02142,01/08/16 05:13 AM
E23-E911_1,E23,E911_1,25550,"",25,"","",CARLETON,ST,"",CAMBRIDGE,MA,02142,01/08/16 05:13 AM
E23-MAIL,E23,MAIL,708,"",77,"","",MASSACHUSETTS,AVE,"",CAMBRIDGE,MA,02139,01/08/16 05:13 AM
E23-PARCL1,E23,PARCL1,"","",CAR1,"","","","","","","",02142,01/08/16 05:13 AM
E23-PARCL2,E23,PARCL2,"","",CAR45,"","","","","","","",02142,01/08/16 05:13 AM
E23-STREET,E23,STREET,25550,"",25,"","",CARLETON,ST,"",CAMBRIDGE,MA,02142,01/08/16 05:13 AM
E25-E911_1,E25,E911_1,733,"",45,"","",CARLETON,ST,"",CAMBRIDGE,MA,02142,01/08/16 05:13 AM
E25-MAIL,E25,MAIL,708,"",77,"","",MASSACHUSETTS,AVE,"",CAMBRIDGE,MA,02139,01/08/16 05:13 AM
E25-PARCL1,E25,PARCL1,"","",DEA18,"","","","","","","",02142,01/08/16 05:13 AM
E25-PARCL2,E25,PARCL2,"","",CAR45,"","","","","","","",02142,01/08/16 05:13 AM
E25-PARCL3,E25,PARCL3,"","",MAI364,"","","","","","","",02142,01/08/16 05:13 AM
E25-STREET,E25,STREET,733,"",45,"","",CARLETON,ST,"",CAMBRIDGE,MA,02142,01/08/16 05:13 AM
E33-E911_1,E33,E911_1,738,"",34,"","",CARLETON,ST,"",CAMBRIDGE,MA,02142,01/08/16 05:13 AM
E33-MAIL,E33,MAIL,708,"",77,"","",MASSACHUSETTS,AVE,"",CAMBRIDGE,MA,02139,01/08/16 05:13 AM
E33-PARCL1,E33,PARCL1,"","",HAY1,"","","","","","","",02142,01/08/16 05:13 AM
E33-STREET,E33,STREET,738,"",34,"","",CARLETON,ST,"",CAMBRIDGE,MA,02142,01/08/16 05:13 AM
E34-E911_1,E34,E911_1,14130,"",42,"","",CARLETON,ST,"",CAMBRIDGE,MA,02142,01/08/16 05:13 AM
E34-E911_2,E34,E911_2,31043,"",44,"","",CARLETON,ST,"",CAMBRIDGE,MA,02142,01/08/16 05:13 AM
E34-MAIL,E34,MAIL,708,"",77,"","",MASSACHUSETTS,AVE,"",CAMBRIDGE,MA,02139,01/08/16 05:13 AM
E34-PARCL1,E34,PARCL1,"","",HAY1,"","","","","","","",02142,01/08/16 05:13 AM
E34-STREET,E34,STREET,"","",42-44,"","",CARLETON,ST,"",CAMBRIDGE,MA,02142,01/08/16 05:13 AM
E38-E911_1,E38,E911_1,742,"",292,"","",MAIN,ST,"",CAMBRIDGE,MA,02142,01/08/16 05:13 AM
E38-MAIL,E38,MAIL,708,"",77,"","",MASSACHUSETTS,AVE,"",CAMBRIDGE,MA,02139,01/08/16 05:13 AM
E38-PARCL1,E38,PARCL1,"","",MAI292,"","","","","","","",02142,01/08/16 05:13 AM
E38-STREET,E38,STREET,742,"",292,"","",MAIN,ST,"",CAMBRIDGE,MA,02142,01/08/16 05:13 AM
E39-E911_1,E39,E911_1,29,"",264,"","",MAIN,ST,"",CAMBRIDGE,MA,02142,01/08/16 05:13 AM
E39-E911_2,E39,E911_2,"","",290,"","",MAIN,ST,"",CAMBRIDGE,MA,02142,01/08/16 05:13 AM
E39-E911_3,E39,E911_3,"","",55,"","",HAYWARD,ST,"",CAMBRIDGE,MA,02142,01/08/16 05:13 AM
E39-MAIL,E39,MAIL,708,"",77,"","",MASSACHUSETTS,AVE,"",CAMBRIDGE,MA,02139,01/08/16 05:13 AM
E39-PARCL1,E39,PARCL1,"","",MAI264,"","","","","","","",02142,01/08/16 05:13 AM
E39-STREET,E39,STREET,"","",290,"","",MAIN,ST,"",CAMBRIDGE,MA,02142,01/08/16 05:13 AM
E40-E911_1,E40,E911_1,26457,"",1,"","",AMHERST,ST,"",CAMBRIDGE,MA,02142,01/08/16 05:13 AM
E40-MAIL,E40,MAIL,708,"",77,"","",MASSACHUSETTS,AVE,"",CAMBRIDGE,MA,02139,01/08/16 05:13 AM
E40-PARCL1,E40,PARCL1,"","",AMH1,"","","","","","","",02142,01/08/16 05:13 AM
E40-STREET,E40,STREET,26457,"",1,"","",AMHERST,ST,"",CAMBRIDGE,MA,02142,01/08/16 05:13 AM
E48-E911_1,E48,E911_1,5406,"",238,"","",MAIN,ST,"",CAMBRIDGE,MA,02142,01/08/16 05:13 AM
E48-E911_2,E48,E911_2,"","",242,"","",MAIN,ST,"",CAMBRIDGE,MA,02142,01/08/16 05:13 AM
E48-E911_3,E48,E911_3,"","",250,"","",MAIN,ST,"",CAMBRIDGE,MA,02142,01/08/16 05:13 AM
E48-E911_4,E48,E911_4,"","",226,"","",MAIN,ST,"",CAMBRIDGE,MA,02142,01/08/16 05:13 AM
E48-MAIL,E48,MAIL,708,"",77,"","",MASSACHUSETTS,AVE,"",CAMBRIDGE,MA,02139,01/08/16 05:13 AM
E48-PARCL1,E48,PARCL1,"","",MAI238,"","","","","","","",02142,01/08/16 05:13 AM
E48-STREET,E48,STREET,5406,"",238,"","",MAIN,ST,"",CAMBRIDGE,MA,02142,01/08/16 05:13 AM
E51-E911_1,E51,E911_1,739,"",70,"","",MEMORIAL,DR,"",CAMBRIDGE,MA,02142,01/08/16 05:13 AM
E51-MAIL,E51,MAIL,708,"",77,"","",MASSACHUSETTS,AVE,"",CAMBRIDGE,MA,02139,01/08/16 05:13 AM
E51-PARCL1,E51,PARCL1,"","",MEM70A,"","","","","","","",02142,01/08/16 05:13 AM
E51-STREET,E51,STREET,739,"",70,"","",MEMORIAL,DR,"",CAMBRIDGE,MA,02142,01/08/16 05:13 AM
E52-E911_1,E52,E911_1,740,"",50,"","",MEMORIAL,DR,"",CAMBRIDGE,MA,02142,01/08/16 05:13 AM
E52-MAIL,E52,MAIL,708,"",77,"","",MASSACHUSETTS,AVE,"",CAMBRIDGE,MA,02139,01/08/16 05:13 AM
E52-PARCL1,E52,PARCL1,"","",WAD30,"","","","","","","",02142,01/08/16 05:13 AM
E52-STREET,E52,STREET,740,"",50,"","",MEMORIAL,DR,"",CAMBRIDGE,MA,02142,01/08/16 05:13 AM
E53-E911_1,E53,E911_1,26368,"",30,"","",WADSWORTH,ST,"",CAMBRIDGE,MA,02142,01/08/16 05:13 AM
E53-MAIL,E53,MAIL,708,"",77,"","",MASSACHUSETTS,AVE,"",CAMBRIDGE,MA,02139,01/08/16 05:13 AM
E53-PARCL1,E53,PARCL1,"","",WAD30,"","","","","","","",02142,01/08/16 05:13 AM
E53-PARCL2,E53,PARCL2,"","",MAI180,"","","","","","","",02142,01/08/16 05:13 AM
E53-STREET,E53,STREET,26368,"",30,"","",WADSWORTH,ST,"",CAMBRIDGE,MA,02142,01/08/16 05:13 AM
E55-E911_1,E55,E911_1,25041,"",60,"","",WADSWORTH,ST,"",CAMBRIDGE,MA,02142,01/08/16 05:13 AM
E55-MAIL,E55,MAIL,"","",EASTGATE,"","","","","","","",02142,01/08/16 05:13 AM
E55-PARCL1,E55,PARCL1,"","",MAI206,"","","","","","","",02142,01/08/16 05:13 AM
E55-STREET,E55,STREET,25041,"",60,"","",WADSWORTH,ST,"",CAMBRIDGE,MA,02142,01/08/16 05:13 AM
E60-E911_1,E60,E911_1,6394,"",30,"","",MEMORIAL,DR,"",CAMBRIDGE,MA,02142,01/08/16 05:13 AM
E60-MAIL,E60,MAIL,6394,"",30,"","",MEMORIAL,DR,"",CAMBRIDGE,MA,02142,01/08/16 05:13 AM
E60-PARCL1,E60,PARCL1,"","",MEM30,"","","","","","","",02142,01/08/16 05:13 AM
E60-STREET,E60,STREET,6394,"",30,"","",MEMORIAL,DR,"",CAMBRIDGE,MA,02142,01/08/16 05:13 AM
E62-E911_1,E62,E911_1,31706,"",100,"","",MAIN,ST,"",CAMBRIDGE,MA,02142,01/08/16 05:13 AM
E62-MAIL,E62,MAIL,31706,"",100,"","",MAIN,ST,"",CAMBRIDGE,MA,02142,01/08/16 05:13 AM
E62-STREET,E62,STREET,31706,"",100,"","",MAIN,ST,"",CAMBRIDGE,MA,02142,01/08/16 05:13 AM
E70-E911_1,E70,E911_1,4149,"",1,"","",BROADWAY,"","",CAMBRIDGE,MA,02142,01/08/16 05:13 AM
E70-MAIL,E70,MAIL,708,"",77,"","",MASSACHUSETTS,AVE,"",CAMBRIDGE,MA,02139,01/08/16 05:13 AM
E70-STREET,E70,STREET,4149,"",1,"","",BROADWAY,"","",CAMBRIDGE,MA,02142,01/08/16 05:13 AM
E90-E911_1,E90,E911_1,"","",1,"","",MAIN,ST,"",CAMBRIDGE,MA,02142,01/08/16 05:13 AM
E90-STREET,E90,STREET,"","",1,"","",MAIN,ST,"",CAMBRIDGE,MA,02142,01/08/16 05:13 AM
E94-E911_1,E94,E911_1,"","",245,"","",FIRST,ST,"",CAMBRIDGE,MA,02142,01/08/16 05:13 AM
E94-STREET,E94,STREET,"","",245,"","",FIRST,ST,"",CAMBRIDGE,MA,02142,01/08/16 05:13 AM
EE19-E911_1,EE19,E911_1,"","",1,"","",ROGERS,ST,"",CAMBRIDGE,MA,02142,01/08/16 05:13 AM
EE19-STREET,EE19,STREET,"","",1,"","",ROGERS,ST,"",CAMBRIDGE,MA,02142,01/08/16 05:13 AM
EE20-E911_1,EE20,E911_1,"","",1,"","",CHARLES,PARK,"",CAMBRIDGE,MA,02142,01/08/16 05:13 AM
EE20-STREET,EE20,STREET,"","",1,"","",CHARLES,PARK,"",CAMBRIDGE,MA,02142,01/08/16 05:13 AM
N4-E911_1,N4,E911_1,717,"",32,"","",ALBANY,ST,"",CAMBRIDGE,MA,02139,01/08/16 05:13 AM
N4-MAIL,N4,MAIL,708,"",77,"","",MASSACHUSETTS,AVE,"",CAMBRIDGE,MA,02139,01/08/16 05:13 AM
N4-PARCL1,N4,PARCL1,"","",ALB2&2R,"","","","","","","",02142,01/08/16 05:13 AM
N4-PARCL2,N4,PARCL2,"","",ALB36&36R,"","","","","","","",02142,01/08/16 05:13 AM
N4-STREET,N4,STREET,717,"",32,"","",ALBANY,ST,"",CAMBRIDGE,MA,02139,01/08/16 05:13 AM
N9-E911_1,N9,E911_1,681,"",68,"","",ALBANY,ST,"",CAMBRIDGE,MA,02139,01/08/16 05:13 AM
N9-MAIL,N9,MAIL,708,"",77,"","",MASSACHUSETTS,AVE,"",CAMBRIDGE,MA,02139,01/08/16 05:13 AM
N9-PARCL1,N9,PARCL1,"","",ALB68,"","","","","","","",02142,01/08/16 05:13 AM
N9-PARCL2,N9,PARCL2,"","",MAS149,"","","","","","","",02142,01/08/16 05:13 AM
N9-STREET,N9,STREET,681,"",68,"","",ALBANY,ST,"",CAMBRIDGE,MA,02139,01/08/16 05:13 AM
N10-E911_1,N10,E911_1,680,"",155,"","",MASSACHUSETTS,AVE,"",CAMBRIDGE,MA,02139,01/08/16 05:13 AM
N10-MAIL,N10,MAIL,708,"",77,"","",MASSACHUSETTS,AVE,"",CAMBRIDGE,MA,02139,01/08/16 05:13 AM
N10-PARCL1,N10,PARCL1,"","",MAS149,"","","","","","","",02142,01/08/16 05:13 AM
N10-STREET,N10,STREET,680,"",155,"","",MASSACHUSETTS,AVE,"",CAMBRIDGE,MA,02139,01/08/16 05:13 AM
N16-E911_1,N16,E911_1,29840,"",60,"","",ALBANY,ST,"",CAMBRIDGE,MA,02139,01/08/16 05:13 AM
N16-MAIL,N16,MAIL,708,"",77,"","",MASSACHUSETTS,AVE,"",CAMBRIDGE,MA,02139,01/08/16 05:13 AM
N16-PARCL1,N16,PARCL1,"","",ALB60,"","","","","","","",02142,01/08/16 05:13 AM
N16-STREET,N16,STREET,29840,"",60,"","",ALBANY,ST,"",CAMBRIDGE,MA,02139,01/08/16 05:13 AM
N16A-E911_1,N16A,E911_1,29840,"",60,"","",ALBANY,ST,"",CAMBRIDGE,MA,02139,01/08/16 05:13 AM
N16A-MAIL,N16A,MAIL,708,"",77,"","",MASSACHUSETTS,AVE,"",CAMBRIDGE,MA,02139,01/08/16 05:13 AM
N16A-STREET,N16A,STREET,29840,"",60,"","",ALBANY,ST,"",CAMBRIDGE,MA,02139,01/08/16 05:13 AM
N16B-E911_1,N16B,E911_1,29840,"",60,"","",ALBANY,ST,"",CAMBRIDGE,MA,02139,01/08/16 05:13 AM
N16B-MAIL,N16B,MAIL,708,"",77,"","",MASSACHUSETTS,AVE,"",CAMBRIDGE,MA,02139,01/08/16 05:13 AM
N16B-STREET,N16B,STREET,29840,"",60,"","",ALBANY,ST,"",CAMBRIDGE,MA,02139,01/08/16 05:13 AM
N16C-E911_1,N16C,E911_1,29840,"",60,"","",ALBANY,ST,"",CAMBRIDGE,MA,02139,01/08/16 05:13 AM
N16C-MAIL,N16C,MAIL,"","",77,"","",MASSACHUSETTS,AVE,(Rear),CAMBRIDGE,MA,02139,01/08/16 05:13 AM
N16C-STREET,N16C,STREET,29840,"",60,"","",ALBANY,ST,"",CAMBRIDGE,MA,02139,01/08/16 05:13 AM
N51-E911_1,N51,E911_1,31042,"",275,"","",MASSACHUSETTS,AVE,"",CAMBRIDGE,MA,02139,01/08/16 05:13 AM
N51-MAIL,N51,MAIL,708,"",77,"","",MASSACHUSETTS,AVE,"",CAMBRIDGE,MA,02139,01/08/16 05:13 AM
N51-PARCL1,N51,PARCL1,"","",MAS275,"","","","","","","",02139,01/08/16 05:13 AM
N51-STREET,N51,STREET,31042,"",275,"","",MASSACHUSETTS,AVE,"",CAMBRIDGE,MA,02139,01/08/16 05:13 AM
N52-E911_1,N52,E911_1,643,"",265,"","",MASSACHUSETTS,AVE,"",CAMBRIDGE,MA,02139,01/08/16 05:13 AM
N52-MAIL,N52,MAIL,708,"",77,"","",MASSACHUSETTS,AVE,"",CAMBRIDGE,MA,02139,01/08/16 05:13 AM
N52-PARCL1,N52,PARCL1,"","",MAS265,"","","","","","","",02139,01/08/16 05:13 AM
N52-STREET,N52,STREET,643,"",265,"","",MASSACHUSETTS,AVE,"",CAMBRIDGE,MA,02139,01/08/16 05:13 AM
N57-E911_1,N57,E911_1,26502,"",1,"","",STATE,ST,"",CAMBRIDGE,MA,02139,01/08/16 05:13 AM
N57-MAIL,N57,MAIL,708,"",77,"","",MASSACHUSETTS,AVE,"",CAMBRIDGE,MA,02139,01/08/16 05:13 AM
N57-PARCL1,N57,PARCL1,"","",MAI864,"","","","","","","",02139,01/08/16 05:13 AM
N57-STREET,N57,STREET,26502,"",1,"","",STATE,ST,"",CAMBRIDGE,MA,02139,01/08/16 05:13 AM
NE123A-E911_1,NE123A,E911_1,"","",300,"","",BENT,ST,"",CAMBRIDGE,MA,02141,01/08/16 05:13 AM
NE123A-STREET,NE123A,STREET,"","",300,"","",BENT,ST,"",CAMBRIDGE,MA,02141,01/08/16 05:13 AM
NE18-E911_1,NE18,E911_1,"","",255,"","",MAIN,ST,"",CAMBRIDGE,MA,02142,01/08/16 05:13 AM
NE18-MAIL,NE18,MAIL,708,"",77,"","",MASSACHUSETTS,AVE,"",CAMBRIDGE,MA,02139,01/08/16 05:13 AM
NE18-STREET,NE18,STREET,"","",255,"","",MAIN,ST,"",CAMBRIDGE,MA,02142,01/08/16 05:13 AM
NE35-E911_1,NE35,E911_1,"","",145,"","",BROADWAY,"","",CAMBRIDGE,MA,02142,01/08/16 05:13 AM
NE35-STREET,NE35,STREET,"","",145,"","",BROADWAY,"","",CAMBRIDGE,MA,02142,01/08/16 05:13 AM
NE45-E911_1,NE45,E911_1,"","",300,"","",TECHNOLOGY,SQ,"",CAMBRIDGE,MA,02139,01/08/16 05:13 AM
NE45-STREET,NE45,STREET,"","",300,"","",TECHNOLOGY,SQ,"",CAMBRIDGE,MA,02139,01/08/16 05:13 AM
NE46-E911_1,NE46,E911_1,"","",400,"","",TECHNOLOGY,SQ,"",CAMBRIDGE,MA,02139,01/08/16 05:13 AM
NE46-STREET,NE46,STREET,"","",400,"","",TECHNOLOGY,SQ,"",CAMBRIDGE,MA,02139,01/08/16 05:13 AM
NE47-E911_1,NE47,E911_1,8994,"",500,"","",TECHNOLOGY,SQ,"",CAMBRIDGE,MA,02139,01/08/16 05:13 AM
NE47-MAIL,NE47,MAIL,708,"",77,"","",MASSACHUSETTS,AVE,"",CAMBRIDGE,MA,02139,01/08/16 05:13 AM
NE47-STREET,NE47,STREET,8994,"",500,"","",TECHNOLOGY,SQ,"",CAMBRIDGE,MA,02139,01/08/16 05:13 AM
NE48-E911_1,NE48,E911_1,13710,"",700,"","",TECHNOLOGY,SQ,"",CAMBRIDGE,MA,02139,01/08/16 05:13 AM
NE48-MAIL,NE48,MAIL,708,"",77,"","",MASSACHUSETTS,AVE,"",CAMBRIDGE,MA,02139,01/08/16 05:13 AM
NE48-STREET,NE48,STREET,13710,"",700,"","",TECHNOLOGY,SQ,"",CAMBRIDGE,MA,02139,01/08/16 05:13 AM
NE49-E911_1,NE49,E911_1,8993,"",600,"","",TECHNOLOGY,SQ,"",CAMBRIDGE,MA,02139,01/08/16 05:13 AM
NE49-MAIL,NE49,MAIL,708,"",77,"","",MASSACHUSETTS,AVE,"",CAMBRIDGE,MA,02139,01/08/16 05:13 AM
NE49-STREET,NE49,STREET,8993,"",600,"","",TECHNOLOGY,SQ,"",CAMBRIDGE,MA,02139,01/08/16 05:13 AM
NE83-E911_1,NE83,E911_1,"","",1,"","",KENDALL,SQ,"",CAMBRIDGE,MA,02139,01/08/16 05:13 AM
NE83-MAIL,NE83,MAIL,"","",1,"","",KENDALL,SQ,"",CAMBRIDGE,MA,02139,01/08/16 05:13 AM
NE83-STREET,NE83,STREET,"","",1,"","",KENDALL,SQ,"",CAMBRIDGE,MA,02139,01/08/16 05:13 AM
NW10-E911_1,NW10,E911_1,24250,"",143,"","",ALBANY,ST,"",CAMBRIDGE,MA,02139,01/08/16 05:13 AM
NW10-MAIL,NW10,MAIL,24250,"",143,"","",ALBANY,ST,"",CAMBRIDGE,MA,02139,01/08/16 05:13 AM
NW10-PARCL1,NW10,PARCL1,"","",ALB143,"","","","","","","",02139,01/08/16 05:13 AM
NW10-STREET,NW10,STREET,24250,"",143,"","",ALBANY,ST,"",CAMBRIDGE,MA,02139,01/08/16 05:13 AM
NW12-E911_1,NW12,E911_1,25317,"",138,"","",ALBANY,ST,"",CAMBRIDGE,MA,02139,01/08/16 05:13 AM
NW12-MAIL,NW12,MAIL,708,"",77,"","",MASSACHUSETTS,AVE,"",CAMBRIDGE,MA,02139,01/08/16 05:13 AM
NW12-PARCL1,NW12,PARCL1,"","",ALB120,"","","","","","","",02139,01/08/16 05:13 AM
NW12-STREET,NW12,STREET,25317,"",138,"","",ALBANY,ST,"",CAMBRIDGE,MA,02139,01/08/16 05:13 AM
NW12A-E911_1,NW12A,E911_1,"","",138,R,"",ALBANY,ST,"",CAMBRIDGE,MA,02139,01/08/16 05:13 AM
NW12A-MAIL,NW12A,MAIL,708,"",77,"","",MASSACHUSETTS,AVE,"",CAMBRIDGE,MA,02139,01/08/16 05:13 AM
NW12A-STREET,NW12A,STREET,"","",138,"","",ALBANY,ST,(Rear),CAMBRIDGE,MA,02139,01/08/16 05:13 AM
NW13-E911_1,NW13,E911_1,27270,"",144,"","",ALBANY,ST,"",CAMBRIDGE,MA,02139,01/08/16 05:13 AM
NW13-MAIL,NW13,MAIL,708,"",77,"","",MASSACHUSETTS,AVE,"",CAMBRIDGE,MA,02139,01/08/16 05:13 AM
NW13-PARCL1,NW13,PARCL1,"","",ALB120,"","","","","","","",02139,01/08/16 05:13 AM
NW13-PARCL2,NW13,PARCL2,"","",ALB144,"","","","","","","",02139,01/08/16 05:13 AM
NW13-STREET,NW13,STREET,27270,"",144,"","",ALBANY,ST,"",CAMBRIDGE,MA,02139,01/08/16 05:13 AM
NW14-E911_1,NW14,E911_1,27364,"",150,"","",ALBANY,ST,"",CAMBRIDGE,MA,02139,01/08/16 05:13 AM
NW14-E911_2,NW14,E911_2,27572,"",166,"","",ALBANY,ST,"",CAMBRIDGE,MA,02139,01/08/16 05:13 AM
NW14-MAIL,NW14,MAIL,708,"",77,"","",MASSACHUSETTS,AVE,"",CAMBRIDGE,MA,02139,01/08/16 05:13 AM
NW14-PARCL1,NW14,PARCL1,"","",ALB144,"","","","","","","",02139,01/08/16 05:13 AM
NW14-STREET,NW14,STREET,27364,"",150,"","",ALBANY,ST,"",CAMBRIDGE,MA,02139,01/08/16 05:13 AM
NW15-E911_1,NW15,E911_1,27572,"",166,"","",ALBANY,ST,"",CAMBRIDGE,MA,02139,01/08/16 05:13 AM
NW15-E911_2,NW15,E911_2,27643,"",170,"","",ALBANY,ST,"",CAMBRIDGE,MA,02139,01/08/16 05:13 AM
NW15-MAIL,NW15,MAIL,708,"",77,"","",MASSACHUSETTS,AVE,"",CAMBRIDGE,MA,02139,01/08/16 05:13 AM
NW15-PARCL1,NW15,PARCL1,"","",ALB144,"","","","","","","",02139,01/08/16 05:13 AM
NW15-STREET,NW15,STREET,"","",166-170,"","",ALBANY,ST,"",CAMBRIDGE,MA,02139,01/08/16 05:13 AM
OC26-STREET,OC26,STREET,"","",50,"","",GROTON,RD,"",WESTFORD,MA,01886,01/08/16 05:13 AM
OC31-E911_1,OC31,E911_1,"","",244,"","",WOOD,ST,"",LEXINGTON,MA,02421,01/08/16 05:13 AM
OC31-STREET,OC31,STREET,"","",244,"","",WOOD,ST,"",LEXINGTON,MA,02421,01/08/16 05:13 AM
OC31A-E911_1,OC31A,E911_1,"","",244,"","",WOOD,ST,"",LEXINGTON,MA,02421,01/08/16 05:13 AM
OC31A-STREET,OC31A,STREET,"","",244,"","",WOOD,ST,"",LEXINGTON,MA,02421,01/08/16 05:13 AM
OC32-E911_1,OC32,E911_1,"","",244,"","",WOOD,ST,"",LEXINGTON,MA,02421,01/08/16 05:13 AM
OC32-STREET,OC32,STREET,"","",244,"","",WOOD,ST,"",LEXINGTON,MA,02421,01/08/16 05:13 AM
OC32A-E911_1,OC32A,E911_1,"","",244,"","",WOOD,ST,"",LEXINGTON,MA,02421,01/08/16 05:13 AM
OC32A-STREET,OC32A,STREET,"","",244,"","",WOOD,ST,"",LEXINGTON,MA,02421,01/08/16 05:13 AM
OC32B-E911_1,OC32B,E911_1,"","",244,"","",WOOD,ST,"",LEXINGTON,MA,02421,01/08/16 05:13 AM
OC32B-STREET,OC32B,STREET,"","",244,"","",WOOD,ST,"",LEXINGTON,MA,02421,01/08/16 05:13 AM
OC33-E911_1,OC33,E911_1,"","",244,"","",WOOD,ST,"",LEXINGTON,MA,02421,01/08/16 05:13 AM
OC33-STREET,OC33,STREET,"","",244,"","",WOOD,ST,"",LEXINGTON,MA,02421,01/08/16 05:13 AM
OC35-E911_1,OC35,E911_1,"","",244,"","",WOOD,ST,"",LEXINGTON,MA,02421,01/08/16 05:13 AM
OC35-STREET,OC35,STREET,"","",244,"","",WOOD,ST,"",LEXINGTON,MA,02421,01/08/16 05:13 AM
OC36-E911_1,OC36,E911_1,"","",244,"","",WOOD,ST,"",LEXINGTON,MA,02421,01/08/16 05:13 AM
OC36-STREET,OC36,STREET,"","",244,"","",WOOD,ST,"",LEXINGTON,MA,02421,01/08/16 05:13 AM
OC36A-E911_1,OC36A,E911_1,"","",244,"","",WOOD,ST,"",LEXINGTON,MA,02421,01/08/16 05:13 AM
OC36A-STREET,OC36A,STREET,"","",244,"","",WOOD,ST,"",LEXINGTON,MA,02421,01/08/16 05:13 AM
OC40-E911_1,OC40,E911_1,"","",100,"","",BIGELOW,ST,"",HOLYOKE,MA,01040,01/08/16 05:13 AM
OC40-STREET,OC40,STREET,"","",100,"","",BIGELOW,ST,"",HOLYOKE,MA,01040,01/08/16 05:13 AM
W1-E911_1,W1,E911_1,677,"",305,"","",MEMORIAL,DR,"",CAMBRIDGE,MA,02139,01/08/16 05:13 AM
W1-MAIL,W1,MAIL,677,"",305,"","",MEMORIAL,DR,"",CAMBRIDGE,MA,02139,01/08/16 05:13 AM
W1-PARCL1,W1,PARCL1,"","",MEM300,"","","","","","","",02139,01/08/16 05:13 AM
W1-STREET,W1,STREET,677,"",305,"","",MEMORIAL,DR,"",CAMBRIDGE,MA,02139,01/08/16 05:13 AM
W2-E911_1,W2,E911_1,14137,"",311,"","",MEMORIAL,DR,"",CAMBRIDGE,MA,02139,01/08/16 05:13 AM
W2-MAIL,W2,MAIL,14137,"",311,"","",MEMORIAL,DR,"",CAMBRIDGE,MA,02139,01/08/16 05:13 AM
W2-PARCL1,W2,PARCL1,"","",MEM311,"","","","","","","",02139,01/08/16 05:13 AM
W2-STREET,W2,STREET,14137,"",311,"","",MEMORIAL,DR,"",CAMBRIDGE,MA,02139,01/08/16 05:13 AM
W4-E911_1,W4,E911_1,675,"",320,"","",MEMORIAL,DR,"",CAMBRIDGE,MA,02139,01/08/16 05:13 AM
W4-MAIL,W4,MAIL,675,"",320,"","",MEMORIAL,DR,"",CAMBRIDGE,MA,02139,01/08/16 05:13 AM
W4-PARCL1,W4,PARCL1,"","",MEM319,"","","","","","","",02139,01/08/16 05:13 AM
W4-PARCL2,W4,PARCL2,"","",MEM318,"","","","","","","",02139,01/08/16 05:13 AM
W4-PARCL3,W4,PARCL3,"","",MEM317,"","","","","","","",02139,01/08/16 05:13 AM
W4-PARCL4,W4,PARCL4,"","",MEM315,"","","","","","","",02139,01/08/16 05:13 AM
W4-STREET,W4,STREET,675,"",320,"","",MEMORIAL,DR,"",CAMBRIDGE,MA,02139,01/08/16 05:13 AM
W5-E911_1,W5,E911_1,673,"",350,"","",MEMORIAL,DR,"",CAMBRIDGE,MA,02139,01/08/16 05:13 AM
W5-MAIL,W5,MAIL,673,"",350,"","",MEMORIAL,DR,"",CAMBRIDGE,MA,02139,01/08/16 05:13 AM
W5-PARCL1,W5,PARCL1,"","",MEM341,"","","","","","","",02139,01/08/16 05:13 AM
W5-STREET,W5,STREET,673,"",350,"","",MEMORIAL,DR,"",CAMBRIDGE,MA,02139,01/08/16 05:13 AM
W7-E911_1,W7,E911_1,7236,"",362,"","",MEMORIAL,DR,"",CAMBRIDGE,MA,02139,01/08/16 05:13 AM
W7-MAIL,W7,MAIL,7236,"",362,"","",MEMORIAL,DR,"",CAMBRIDGE,MA,02139,01/08/16 05:13 AM
W7-PARCL1,W7,PARCL1,"","",VAS106,"","","","","","","",02139,01/08/16 05:13 AM
W7-STREET,W7,STREET,7236,"",362,"","",MEMORIAL,DR,"",CAMBRIDGE,MA,02139,01/08/16 05:13 AM
W8-E911_1,W8,E911_1,671,"",409,"","",MEMORIAL,DR,"",CAMBRIDGE,MA,02139,01/08/16 05:13 AM
W8-MAIL,W8,MAIL,708,"",77,"","",MASSACHUSETTS,AVE,"",CAMBRIDGE,MA,02139,01/08/16 05:13 AM
W8-PARCL1,W8,PARCL1,"","",MEM409L,"","","","","","","",02139,01/08/16 05:13 AM
W8-STREET,W8,STREET,671,"",409,"","",MEMORIAL,DR,"",CAMBRIDGE,MA,02139,01/08/16 05:13 AM
W11-E911_1,W11,E911_1,46,"",40,"","",MASSACHUSETTS,AVE,"",CAMBRIDGE,MA,02139,01/08/16 05:13 AM
W11-MAIL,W11,MAIL,708,"",77,"","",MASSACHUSETTS,AVE,"",CAMBRIDGE,MA,02139,01/08/16 05:13 AM
W11-PARCL1,W11,PARCL1,"","",MAS32,"","","","","","","",02139,01/08/16 05:13 AM
W11-STREET,W11,STREET,46,"",40,"","",MASSACHUSETTS,AVE,"",CAMBRIDGE,MA,02139,01/08/16 05:13 AM
W15-E911_1,W15,E911_1,31044,"",48,R,"",MASSACHUSETTS,AVE,"",CAMBRIDGE,MA,02139,01/08/16 05:13 AM
W15-MAIL,W15,MAIL,708,"",77,"","",MASSACHUSETTS,AVE,"",CAMBRIDGE,MA,02139,01/08/16 05:13 AM
W15-PARCL1,W15,PARCL1,"","",MAS60,"","","","","","","",02139,01/08/16 05:13 AM
W15-STREET,W15,STREET,"","",48,"","",MASSACHUSETTS,AVE,(Rear),CAMBRIDGE,MA,02139,01/08/16 05:13 AM
W16-E911_1,W16,E911_1,31044,"",48,R,"",MASSACHUSETTS,AVE,"",CAMBRIDGE,MA,02139,01/08/16 05:13 AM
W16-MAIL,W16,MAIL,708,"",77,"","",MASSACHUSETTS,AVE,"",CAMBRIDGE,MA,02139,01/08/16 05:13 AM
W16-PARCL1,W16,PARCL1,"","",MAS60,"","","","","","","",02139,01/08/16 05:13 AM
W16-STREET,W16,STREET,31044,"",48,R,"",MASSACHUSETTS,AVE,"",CAMBRIDGE,MA,02139,01/08/16 05:13 AM
W20-E911_1,W20,E911_1,682,"",84,"","",MASSACHUSETTS,AVE,"",CAMBRIDGE,MA,02139,01/08/16 05:13 AM
W20-MAIL,W20,MAIL,708,"",77,"","",MASSACHUSETTS,AVE,"",CAMBRIDGE,MA,02139,01/08/16 05:13 AM
W20-PARCL1,W20,PARCL1,"","",MAS76R,"","","","","","","",02139,01/08/16 05:13 AM
W20-STREET,W20,STREET,682,"",84,"","",MASSACHUSETTS,AVE,"",CAMBRIDGE,MA,02139,01/08/16 05:13 AM
W31-E911_1,W31,E911_1,48,"",120,"","",MASSACHUSETTS,AVE,"",CAMBRIDGE,MA,02139,01/08/16 05:13 AM
W31-MAIL,W31,MAIL,708,"",77,"","",MASSACHUSETTS,AVE,"",CAMBRIDGE,MA,02139,01/08/16 05:13 AM
W31-PARCL1,W31,PARCL1,"","",MAS120,"","","","","","","",02139,01/08/16 05:13 AM
W31-STREET,W31,STREET,48,"",120,"","",MASSACHUSETTS,AVE,"",CAMBRIDGE,MA,02139,01/08/16 05:13 AM
W32-E911_1,W32,E911_1,49,"",100,"","",MASSACHUSETTS,AVE,"",CAMBRIDGE,MA,02139,01/08/16 05:13 AM
W32-MAIL,W32,MAIL,708,"",77,"","",MASSACHUSETTS,AVE,"",CAMBRIDGE,MA,02139,01/08/16 05:13 AM
W32-PARCL1,W32,PARCL1,"","",MAS120,"","","","","","","",02139,01/08/16 05:13 AM
W32-STREET,W32,STREET,49,"",100,"","",MASSACHUSETTS,AVE,"",CAMBRIDGE,MA,02139,01/08/16 05:13 AM
W33-E911_1,W33,E911_1,49,"",100,"","",MASSACHUSETTS,AVE,"",CAMBRIDGE,MA,02139,01/08/16 05:13 AM
W33-E911_2,W33,E911_2,47,"",106,"","",VASSAR,ST,"",CAMBRIDGE,MA,02139,01/08/16 05:13 AM
W33-MAIL,W33,MAIL,708,"",77,"","",MASSACHUSETTS,AVE,"",CAMBRIDGE,MA,02139,01/08/16 05:13 AM
W33-PARCL1,W33,PARCL1,"","",VAS106,"","","","","","","",02139,01/08/16 05:13 AM
W33-STREET,W33,STREET,47,"",106,"","",VASSAR,ST,"",CAMBRIDGE,MA,02139,01/08/16 05:13 AM
W34-E911_1,W34,E911_1,672,"",120,"","",VASSAR,ST,"",CAMBRIDGE,MA,02139,01/08/16 05:13 AM
W34-MAIL,W34,MAIL,708,"",77,"","",MASSACHUSETTS,AVE,"",CAMBRIDGE,MA,02139,01/08/16 05:13 AM
W34-PARCL1,W34,PARCL1,"","",VAS106,"","","","","","","",02139,01/08/16 05:13 AM
W34-STREET,W34,STREET,672,"",120,"","",VASSAR,ST,"",CAMBRIDGE,MA,02139,01/08/16 05:13 AM
W35-E911_1,W35,E911_1,672,"",120,"","",VASSAR,ST,"",CAMBRIDGE,MA,02139,01/08/16 05:13 AM
W35-MAIL,W35,MAIL,708,"",77,"","",MASSACHUSETTS,AVE,"",CAMBRIDGE,MA,02139,01/08/16 05:13 AM
W35-STREET,W35,STREET,672,"",120,"","",VASSAR,ST,"",CAMBRIDGE,MA,02139,01/08/16 05:13 AM
W45-E911_1,W45,E911_1,635,"",125,"","",VASSAR,ST,"",CAMBRIDGE,MA,02139,01/08/16 05:13 AM
W45-MAIL,W45,MAIL,708,"",77,"","",MASSACHUSETTS,AVE,"",CAMBRIDGE,MA,02139,01/08/16 05:13 AM
W45-PARCL1,W45,PARCL1,"","",VAS125,"","","","","","","",02139,01/08/16 05:13 AM
W45-STREET,W45,STREET,635,"",125,"","",VASSAR,ST,"",CAMBRIDGE,MA,02139,01/08/16 05:13 AM
W51-E911_1,W51,E911_1,45,"",410,"","",MEMORIAL,DR,"",CAMBRIDGE,MA,02139,01/08/16 05:13 AM
W51-MAIL,W51,MAIL,45,"",410,"","",MEMORIAL,DR,"",CAMBRIDGE,MA,02139,01/08/16 05:13 AM
W51-PARCL1,W51,PARCL1,"","",MEM410,"","","","","","","",02139,01/08/16 05:13 AM
W51-PARCL2,W51,PARCL2,"","",MEM405,"","","","","","","",02139,01/08/16 05:13 AM
W51-STREET,W51,STREET,45,"",410,"","",MEMORIAL,DR,"",CAMBRIDGE,MA,02139,01/08/16 05:13 AM
W51C-E911_1,W51C,E911_1,14139,"",405,"","",MEMORIAL,DR,"",CAMBRIDGE,MA,02139,01/08/16 05:13 AM
W51C-MAIL,W51C,MAIL,"","",77,"","",MASSACHUSETTS,AVE,(Rear),CAMBRIDGE,MA,02139,01/08/16 05:13 AM
W51C-STREET,W51C,STREET,14139,"",405,"","",MEMORIAL,DR,"",CAMBRIDGE,MA,02139,01/08/16 05:13 AM
W53-E911_1,W53,E911_1,31046,"",410,R,"",MEMORIAL,DR,"",CAMBRIDGE,MA,02139,01/08/16 05:13 AM
W53-MAIL,W53,MAIL,708,"",77,"","",MASSACHUSETTS,AVE,"",CAMBRIDGE,MA,02139,01/08/16 05:13 AM
W53-PARCL1,W53,PARCL1,"","",VAS160,"","","","","","","",02139,01/08/16 05:13 AM
W53-PARCL2,W53,PARCL2,"","",VAS170,"","","","","","","",02139,01/08/16 05:13 AM
W53-PARCL3,W53,PARCL3,"","",VAS106,"","","","","","","",02139,01/08/16 05:13 AM
W53-STREET,W53,STREET,"","",410,"","",MEMORIAL,DR,(Rear),CAMBRIDGE,MA,02139,01/08/16 05:13 AM
W53A-E911_1,W53A,E911_1,31046,"",410,R,"",MEMORIAL,DR,"",CAMBRIDGE,MA,02139,01/08/16 05:13 AM
W53A-MAIL,W53A,MAIL,708,"",77,"","",MASSACHUSETTS,AVE,"",CAMBRIDGE,MA,02139,01/08/16 05:13 AM
W53A-PARCL1,W53A,PARCL1,"","",VAS170,"","","","","","","",02139,01/08/16 05:13 AM
W53A-STREET,W53A,STREET,"","",410,"","",MEMORIAL,DR,(Rear),CAMBRIDGE,MA,02139,01/08/16 05:13 AM
W53B-E911_1,W53B,E911_1,31046,"",410,R,"",MEMORIAL,DR,"",CAMBRIDGE,MA,02139,01/08/16 05:13 AM
W53B-MAIL,W53B,MAIL,708,"",77,"","",MASSACHUSETTS,AVE,"",CAMBRIDGE,MA,02139,01/08/16 05:13 AM
W53B-PARCL1,W53B,PARCL1,"","",VAS170,"","","","","","","",02139,01/08/16 05:13 AM
W53B-STREET,W53B,STREET,"","",410,"","",MEMORIAL,DR,(Rear),CAMBRIDGE,MA,02139,01/08/16 05:13 AM
W53C-E911_1,W53C,E911_1,31046,"",410,R,"",MEMORIAL,DR,"",CAMBRIDGE,MA,02139,01/08/16 05:13 AM
W53C-MAIL,W53C,MAIL,708,"",77,"","",MASSACHUSETTS,AVE,"",CAMBRIDGE,MA,02139,01/08/16 05:13 AM
W53C-STREET,W53C,STREET,"","",410,"","",MEMORIAL,DR,(Rear),CAMBRIDGE,MA,02139,01/08/16 05:13 AM
W53D-E911_1,W53D,E911_1,31046,"",410,R,"",MEMORIAL,DR,"",CAMBRIDGE,MA,02139,01/08/16 05:13 AM
W53D-MAIL,W53D,MAIL,708,"",77,"","",MASSACHUSETTS,AVE,"",CAMBRIDGE,MA,02139,01/08/16 05:13 AM
W53D-STREET,W53D,STREET,"","",410,"","",MEMORIAL,DR,(Rear),CAMBRIDGE,MA,02139,01/08/16 05:13 AM
W56-E911_1,W56,E911_1,"","",169,"","",VASSAR,ST,"",CAMBRIDGE,MA,02139,01/08/16 05:13 AM
W56-MAIL,W56,MAIL,708,"",77,"","",MASSACHUSETTS,AVE,"",CAMBRIDGE,MA,02139,01/08/16 05:13 AM
W56-STREET,W56,STREET,"","",169,"","",VASSAR,ST,"",CAMBRIDGE,MA,02139,01/08/16 05:13 AM
W57-E911_1,W57,E911_1,"","",169,"","",VASSAR,ST,"",CAMBRIDGE,MA,02139,01/08/16 05:13 AM
W57-STREET,W57,STREET,"","",169,"","",VASSAR,ST,"",CAMBRIDGE,MA,02139,01/08/16 05:13 AM
W57A-E911_1,W57A,E911_1,"","",169,"","",VASSAR,ST,"",CAMBRIDGE,MA,02139,01/08/16 05:13 AM
W57A-STREET,W57A,STREET,"","",169,"","",VASSAR,ST,"",CAMBRIDGE,MA,02139,01/08/16 05:13 AM
W59-E911_1,W59,E911_1,630,"",201,"","",VASSAR,ST,"",CAMBRIDGE,MA,02139,01/08/16 05:13 AM
W59-MAIL,W59,MAIL,708,"",77,"","",MASSACHUSETTS,AVE,"",CAMBRIDGE,MA,02139,01/08/16 05:13 AM
W59-PARCL1,W59,PARCL1,"","",VAS201,"","","","","","","",02139,01/08/16 05:13 AM
W59-STREET,W59,STREET,630,"",201,"","",VASSAR,ST,"",CAMBRIDGE,MA,02139,01/08/16 05:13 AM
W61-E911_1,W61,E911_1,44,"",450,"","",MEMORIAL,DR,"",CAMBRIDGE,MA,02139,01/08/16 05:13 AM
W61-MAIL,W61,MAIL,44,"",450,"","",MEMORIAL,DR,"",CAMBRIDGE,MA,02139,01/08/16 05:13 AM
W61-PARCL1,W61,PARCL1,"","",MEM430,"","","","","","","",02139,01/08/16 05:13 AM
W61-STREET,W61,STREET,44,"",450,"","",MEMORIAL,DR,"",CAMBRIDGE,MA,02139,01/08/16 05:13 AM
W61A-E911_1,W61A,E911_1,44,"",450,"","",MEMORIAL,DR,"",CAMBRIDGE,MA,02139,01/08/16 05:13 AM
W61A-STREET,W61A,STREET,44,"",450,"","",MEMORIAL,DR,"",CAMBRIDGE,MA,02139,01/08/16 05:13 AM
W61B-E911_1,W61B,E911_1,44,"",450,"","",MEMORIAL,DR,"",CAMBRIDGE,MA,02139,01/08/16 05:13 AM
W61B-STREET,W61B,STREET,44,"",450,"","",MEMORIAL,DR,"",CAMBRIDGE,MA,02139,01/08/16 05:13 AM
W61C-E911_1,W61C,E911_1,44,"",450,"","",MEMORIAL,DR,"",CAMBRIDGE,MA,02139,01/08/16 05:13 AM
W61C-STREET,W61C,STREET,44,"",450,"","",MEMORIAL,DR,"",CAMBRIDGE,MA,02139,01/08/16 05:13 AM
W61D-E911_1,W61D,E911_1,44,"",450,"","",MEMORIAL,DR,"",CAMBRIDGE,MA,02139,01/08/16 05:13 AM
W61D-STREET,W61D,STREET,44,"",450,"","",MEMORIAL,DR,"",CAMBRIDGE,MA,02139,01/08/16 05:13 AM
W61E-E911_1,W61E,E911_1,44,"",450,"","",MEMORIAL,DR,"",CAMBRIDGE,MA,02139,01/08/16 05:13 AM
W61E-STREET,W61E,STREET,44,"",450,"","",MEMORIAL,DR,"",CAMBRIDGE,MA,02139,01/08/16 05:13 AM
W61F-E911_1,W61F,E911_1,44,"",450,"","",MEMORIAL,DR,"",CAMBRIDGE,MA,02139,01/08/16 05:13 AM
W61F-STREET,W61F,STREET,44,"",450,"","",MEMORIAL,DR,"",CAMBRIDGE,MA,02139,01/08/16 05:13 AM
W61G-E911_1,W61G,E911_1,44,"",450,"","",MEMORIAL,DR,"",CAMBRIDGE,MA,02139,01/08/16 05:13 AM
W61G-STREET,W61G,STREET,44,"",450,"","",MEMORIAL,DR,"",CAMBRIDGE,MA,02139,01/08/16 05:13 AM
W61H-E911_1,W61H,E911_1,44,"",450,"","",MEMORIAL,DR,"",CAMBRIDGE,MA,02139,01/08/16 05:13 AM
W61H-STREET,W61H,STREET,44,"",450,"","",MEMORIAL,DR,"",CAMBRIDGE,MA,02139,01/08/16 05:13 AM
W61J-E911_1,W61J,E911_1,44,"",450,"","",MEMORIAL,DR,"",CAMBRIDGE,MA,02139,01/08/16 05:13 AM
W61J-STREET,W61J,STREET,44,"",450,"","",MEMORIAL,DR,"",CAMBRIDGE,MA,02139,01/08/16 05:13 AM
W61M-E911_1,W61M,E911_1,44,"",450,"","",MEMORIAL,DR,"",CAMBRIDGE,MA,02139,01/08/16 05:13 AM
W61M-STREET,W61M,STREET,44,"",450,"","",MEMORIAL,DR,"",CAMBRIDGE,MA,02139,01/08/16 05:13 AM
W64-E911_1,W64,E911_1,"","",219,"","",VASSAR,ST,"",CAMBRIDGE,MA,02139,01/08/16 05:13 AM
W64-MAIL,W64,MAIL,708,"",77,"","",MASSACHUSETTS,AVE,"",CAMBRIDGE,MA,02139,01/08/16 05:13 AM
W64-STREET,W64,STREET,"","",219,"","",VASSAR,ST,"",CAMBRIDGE,MA,02139,01/08/16 05:13 AM
W70-E911_1,W70,E911_1,627,"",471,"","",MEMORIAL,DR,"",CAMBRIDGE,MA,02139,01/08/16 05:13 AM
W70-E911_2,W70,E911_2,24912,"",472,"","",MEMORIAL,DR,"",CAMBRIDGE,MA,02139,01/08/16 05:13 AM
W70-E911_3,W70,E911_3,24913,"",473,"","",MEMORIAL,DR,"",CAMBRIDGE,MA,02139,01/08/16 05:13 AM
W70-E911_4,W70,E911_4,24914,"",474,"","",MEMORIAL,DR,"",CAMBRIDGE,MA,02139,01/08/16 05:13 AM
W70-E911_5,W70,E911_5,24915,"",475,"","",MEMORIAL,DR,"",CAMBRIDGE,MA,02139,01/08/16 05:13 AM
W70-E911_6,W70,E911_6,24916,"",476,"","",MEMORIAL,DR,"",CAMBRIDGE,MA,02139,01/08/16 05:13 AM
W70-MAIL,W70,MAIL,"","",471-476,"","",MEMORIAL,DR,"",CAMBRIDGE,MA,02139,01/08/16 05:13 AM
W70-PARCL1,W70,PARCL1,"","",MEM430,"","","","","","","",02139,01/08/16 05:13 AM
W70-STREET,W70,STREET,"","",471-476,"","",MEMORIAL,DR,"",CAMBRIDGE,MA,02139,01/08/16 05:13 AM
W70A-E911_1,W70A,E911_1,"","",471,"","",MEMORIAL,DRIVE,"",CAMBRIDGE,MA,02139,01/08/16 05:13 AM
W70A-STREET,W70A,STREET,"","",471-476,"","",MEMORIAL,DR,"",CAMBRIDGE,MA,02139,01/08/16 05:13 AM
W70B-E911_1,W70B,E911_1,"","",471,"","",MEMORIAL,DRIVE,"",CAMBRIDGE,MA,02139,01/08/16 05:13 AM
W70B-STREET,W70B,STREET,"","",471-476,"","",MEMORIAL,DR,"",CAMBRIDGE,MA,02139,01/08/16 05:13 AM
W70C-E911_1,W70C,E911_1,"","",471,"","",MEMORIAL,DRIVE,"",CAMBRIDGE,MA,02139,01/08/16 05:13 AM
W70C-STREET,W70C,STREET,"","",471-476,"","",MEMORIAL,DR,"",CAMBRIDGE,MA,02139,01/08/16 05:13 AM
W70D-E911_1,W70D,E911_1,"","",471,"","",MEMORIAL,DRIVE,"",CAMBRIDGE,MA,02139,01/08/16 05:13 AM
W70D-STREET,W70D,STREET,"","",471-476,"","",MEMORIAL,DR,"",CAMBRIDGE,MA,02139,01/08/16 05:13 AM
W70E-E911_1,W70E,E911_1,"","",471,"","",MEMORIAL,DRIVE,"",CAMBRIDGE,MA,02139,01/08/16 05:13 AM
W70E-STREET,W70E,STREET,"","",471-476,"","",MEMORIAL,DR,"",CAMBRIDGE,MA,02139,01/08/16 05:13 AM
W70F-E911_1,W70F,E911_1,"","",471,"","",MEMORIAL,DRIVE,"",CAMBRIDGE,MA,02139,01/08/16 05:13 AM
W70F-E911_2,W70F,E911_2,"","",476,"","",MEMORIAL,DRIVE,"",CAMBRIDGE,MA,02139,01/08/16 05:13 AM
W70F-STREET,W70F,STREET,"","",471-476,"","",MEMORIAL,DR,"",CAMBRIDGE,MA,02139,01/08/16 05:13 AM
W70G-E911_1,W70G,E911_1,"","",471,"","",MEMORIAL,DRIVE,"",CAMBRIDGE,MA,02139,01/08/16 05:13 AM
W70G-E911_2,W70G,E911_2,"","",476,"","",MEMORIAL,DRIVE,"",CAMBRIDGE,MA,02139,01/08/16 05:13 AM
W70G-STREET,W70G,STREET,"","",471-476,"","",MEMORIAL,DR,"",CAMBRIDGE,MA,02139,01/08/16 05:13 AM
W71-E911_1,W71,E911_1,593,"",500,"","",MEMORIAL,DR,"",CAMBRIDGE,MA,02139,01/08/16 05:13 AM
W71-MAIL,W71,MAIL,593,"",500,"","",MEMORIAL,DR,"",CAMBRIDGE,MA,02139,01/08/16 05:13 AM
W71-PARCL1,W71,PARCL1,"","",MEM531,"","","","","","","",02139,01/08/16 05:13 AM
W71-PARCL2,W71,PARCL2,"","",MEM430,"","","","","","","",02139,01/08/16 05:13 AM
W71-STREET,W71,STREET,593,"",500,"","",MEMORIAL,DR,"",CAMBRIDGE,MA,02139,01/08/16 05:13 AM
W79-E911_1,W79,E911_1,4628,"",229,"","",VASSAR,ST,"",CAMBRIDGE,MA,02139,01/08/16 05:13 AM
W79-MAIL,W79,MAIL,4628,"",229,"","",VASSAR,ST,"",CAMBRIDGE,MA,02139,01/08/16 05:13 AM
W79-STREET,W79,STREET,4628,"",229,"","",VASSAR,ST,"",CAMBRIDGE,MA,02139,01/08/16 05:13 AM
W84-E911_1,W84,E911_1,589,"",550,"","",MEMORIAL,DR,"",CAMBRIDGE,MA,02139,01/08/16 05:13 AM
W84-MAIL,W84,MAIL,589,"",550,"","",MEMORIAL,DR,"",CAMBRIDGE,MA,02139,01/08/16 05:13 AM
W84-PARCL1,W84,PARCL1,"","",MEM531R,"","","","","","","",02139,01/08/16 05:13 AM
W84-PARCL2,W84,PARCL2,"","",MEM531,"","","","","","","",02139,01/08/16 05:13 AM
W84-STREET,W84,STREET,589,"",550,"","",MEMORIAL,DR,"",CAMBRIDGE,MA,02139,01/08/16 05:13 AM
W85-E911_1,W85,E911_1,591,"",540,"","",MEMORIAL,DR,"",CAMBRIDGE,MA,02139,01/08/16 05:13 AM
W85-MAIL,W85,MAIL,"","",WESTGATE,"","","","","","","",02139,01/08/16 05:13 AM
W85-PARCL1,W85,PARCL1,"","",MEM545R,"","","","","","","",02139,01/08/16 05:13 AM
W85-STREET,W85,STREET,"","",540,"","",MEMORIAL,DR,(Rear),CAMBRIDGE,MA,02139,01/08/16 05:13 AM
W85A-E911_1,W85A,E911_1,26740,"",11,"","",AUDREY,ST,"",CAMBRIDGE,MA,02139,01/08/16 05:13 AM
W85A-PARCL1,W85A,PARCL1,"","",MEM545R,"","","","","","","",02139,01/08/16 05:13 AM
W85A-STREET,W85A,STREET,26740,"",11,"","",AUDREY,ST,"",CAMBRIDGE,MA,02139,01/08/16 05:13 AM
W85ABC-E911_1,W85ABC,E911_1,26740,"",11,"","",AUDREY,ST,"",CAMBRIDGE,MA,02139,01/08/16 05:13 AM
W85ABC-E911_2,W85ABC,E911_2,27034,"",13,"","",AUDREY,ST,"",CAMBRIDGE,MA,02139,01/08/16 05:13 AM
W85ABC-E911_3,W85ABC,E911_3,27325,"",15,"","",AUDREY,ST,"",CAMBRIDGE,MA,02139,01/08/16 05:13 AM
W85ABC-STREET,W85ABC,STREET,"","",11-13-15,"","",AUDREY,ST,"",CAMBRIDGE,MA,02139,01/08/16 05:13 AM
W85B-E911_1,W85B,E911_1,27034,"",13,"","",AUDREY,ST,"",CAMBRIDGE,MA,02139,01/08/16 05:13 AM
W85B-PARCL1,W85B,PARCL1,"","",MEM545R,"","","","","","","",02139,01/08/16 05:13 AM
W85B-STREET,W85B,STREET,27034,"",13,"","",AUDREY,ST,"",CAMBRIDGE,MA,02139,01/08/16 05:13 AM
W85C-E911_1,W85C,E911_1,27325,"",15,"","",AUDREY,ST,"",CAMBRIDGE,MA,02139,01/08/16 05:13 AM
W85C-PARCL1,W85C,PARCL1,"","",MEM545R,"","","","","","","",02139,01/08/16 05:13 AM
W85C-STREET,W85C,STREET,27325,"",15,"","",AUDREY,ST,"",CAMBRIDGE,MA,02139,01/08/16 05:13 AM
W85D-E911_1,W85D,E911_1,28662,"",292,"","",VASSAR,ST,"",CAMBRIDGE,MA,02139,01/08/16 05:13 AM
W85D-PARCL1,W85D,PARCL1,"","",MEM545R,"","","","","","","",02139,01/08/16 05:13 AM
W85D-STREET,W85D,STREET,28662,"",292,"","",VASSAR,ST,"",CAMBRIDGE,MA,02139,01/08/16 05:13 AM
W85DE-E911_1,W85DE,E911_1,588,"",290,"","",VASSAR,ST,"",CAMBRIDGE,MA,02139,01/08/16 05:13 AM
W85DE-E911_2,W85DE,E911_2,28662,"",292,"","",VASSAR,ST,"",CAMBRIDGE,MA,02139,01/08/16 05:13 AM
W85DE-STREET,W85DE,STREET,"","",292-290,"","",VASSAR,ST,"",CAMBRIDGE,MA,02139,01/08/16 05:13 AM
W85E-E911_1,W85E,E911_1,588,"",290,"","",VASSAR,ST,"",CAMBRIDGE,MA,02139,01/08/16 05:13 AM
W85E-PARCL1,W85E,PARCL1,"","",MEM545R,"","","","","","","",02139,01/08/16 05:13 AM
W85E-STREET,W85E,STREET,588,"",290,"","",VASSAR,ST,"",CAMBRIDGE,MA,02139,01/08/16 05:13 AM
W85F-E911_1,W85F,E911_1,28625,"",286,"","",VASSAR,ST,"",CAMBRIDGE,MA,02139,01/08/16 05:13 AM
W85F-PARCL1,W85F,PARCL1,"","",MEM545R,"","","","","","","",02139,01/08/16 05:13 AM
W85F-STREET,W85F,STREET,28625,"",286,"","",VASSAR,ST,"",CAMBRIDGE,MA,02139,01/08/16 05:13 AM
W85FG-E911_1,W85FG,E911_1,590,"",284,"","",VASSAR,ST,"",CAMBRIDGE,MA,02139,01/08/16 05:13 AM
W85FG-E911_2,W85FG,E911_2,28625,"",286,"","",VASSAR,ST,"",CAMBRIDGE,MA,02139,01/08/16 05:13 AM
W85FG-STREET,W85FG,STREET,"","",286-284,"","",VASSAR,ST,"",CAMBRIDGE,MA,02139,01/08/16 05:13 AM
W85G-E911_1,W85G,E911_1,590,"",284,"","",VASSAR,ST,"",CAMBRIDGE,MA,02139,01/08/16 05:13 AM
W85G-PARCL1,W85G,PARCL1,"","",MEM545R,"","","","","","","",02139,01/08/16 05:13 AM
W85G-STREET,W85G,STREET,590,"",284,"","",VASSAR,ST,"",CAMBRIDGE,MA,02139,01/08/16 05:13 AM
W85H-E911_1,W85H,E911_1,"","",282,R,"",VASSAR,ST,"",CAMBRIDGE,MA,02139,01/08/16 05:13 AM
W85H-PARCL1,W85H,PARCL1,"","",MEM545R,"","","","","","","",02139,01/08/16 05:13 AM
W85H-STREET,W85H,STREET,"","",282,"","",VASSAR,ST,(Rear),CAMBRIDGE,MA,02139,01/08/16 05:13 AM
W85HJK-E911_1,W85HJK,E911_1,592,"",278,"","",VASSAR,ST,"",CAMBRIDGE,MA,02139,01/08/16 05:13 AM
W85HJK-E911_2,W85HJK,E911_2,28605,"",280,"","",VASSAR,ST,"",CAMBRIDGE,MA,02139,01/08/16 05:13 AM
W85HJK-E911_3,W85HJK,E911_3,28610,"",282,"","",VASSAR,ST,"",CAMBRIDGE,MA,02139,01/08/16 05:13 AM
W85HJK-STREET,W85HJK,STREET,"","",282-280-278,"","",VASSAR,ST,"",CAMBRIDGE,MA,02139,01/08/16 05:13 AM
W85J-E911_1,W85J,E911_1,"","",280,R,"",VASSAR,ST,"",CAMBRIDGE,MA,02139,01/08/16 05:13 AM
W85J-STREET,W85J,STREET,"","",280,"","",VASSAR,ST,(Rear),CAMBRIDGE,MA,02139,01/08/16 05:13 AM
W85K-E911_1,W85K,E911_1,"","",278,R,"",VASSAR,ST,"",CAMBRIDGE,MA,02139,01/08/16 05:13 AM
W85K-PARCL1,W85K,PARCL1,"","",MEM545R,"","","","","","","",02139,01/08/16 05:13 AM
W85K-STREET,W85K,STREET,"","",278,"","",VASSAR,ST,(Rear),CAMBRIDGE,MA,02139,01/08/16 05:13 AM
W89-E911_1,W89,E911_1,6323,"",301,"","",VASSAR,ST,"",CAMBRIDGE,MA,02139,01/08/16 05:13 AM
W89-MAIL,W89,MAIL,708,"",77,"","",MASSACHUSETTS,AVE,"",CAMBRIDGE,MA,02139,01/08/16 05:13 AM
W89-STREET,W89,STREET,6323,"",301,"","",VASSAR,ST,"",CAMBRIDGE,MA,02139,01/08/16 05:13 AM
W91-E911_1,W91,E911_1,587,"",565,"","",MEMORIAL,DR,"",CAMBRIDGE,MA,02139,01/08/16 05:13 AM
W91-E911_2,W91,E911_2,29751,"",570,"","",MEMORIAL,DR,"",CAMBRIDGE,MA,02139,01/08/16 05:13 AM
W91-MAIL,W91,MAIL,708,"",77,"","",MASSACHUSETTS,AVE,"",CAMBRIDGE,MA,02139,01/08/16 05:13 AM
W91-PARCL1,W91,PARCL1,"","",MEM565,"","","","","","","",02139,01/08/16 05:13 AM
W91-STREET,W91,STREET,"","",565-570,"","",MEMORIAL,DR,"",CAMBRIDGE,MA,02139,01/08/16 05:13 AM
W92-E911_1,W92,E911_1,6289,"",304,"","",VASSAR,ST,"",CAMBRIDGE,MA,02139,01/08/16 05:13 AM
W92-MAIL,W92,MAIL,708,"",77,"","",MASSACHUSETTS,AVE,"",CAMBRIDGE,MA,02139,01/08/16 05:13 AM
W92-STREET,W92,STREET,6289,"",304,"","",VASSAR,ST,"",CAMBRIDGE,MA,02139,01/08/16 05:13 AM
W98-E911_1,W98,E911_1,9269,"",600,"","",MEMORIAL,DR,"",CAMBRIDGE,MA,02139,01/08/16 05:13 AM
W98-MAIL,W98,MAIL,708,"",77,"","",MASSACHUSETTS,AVE,"",CAMBRIDGE,MA,02139,01/08/16 05:13 AM
W98-STREET,W98,STREET,9269,"",600,"","",MEMORIAL,DR,"",CAMBRIDGE,MA,02139,01/08/16 05:13 AM
WW15-E911_1,WW15,E911_1,25455,"",350,"","",BROOKLINE,ST,"",CAMBRIDGE,MA,02139,01/08/16 05:13 AM
WW15-MAIL,WW15,MAIL,708,"",77,"","",MASSACHUSETTS,AVE,"",CAMBRIDGE,MA,02139,01/08/16 05:13 AM
WW15-PARCL1,WW15,PARCL1,"","",BRO350,"","","","","","","",02139,01/08/16 05:13 AM
WW15-STREET,WW15,STREET,25455,"",350,"","",BROOKLINE,ST,"",CAMBRIDGE,MA,02139,01/08/16 05:13 AM
WW25-E911_1,WW25,E911_1,31908,"",142,"","",WAVERLY,ST,"",CAMBRIDGE,MA,02139,01/08/16 05:13 AM
WW25-E911_2,WW25,E911_2,"","",631,"","",PUTNAM,"","",CAMBRIDGE,MA,02139,01/08/16 05:13 AM
WW25-E911_3,WW25,E911_3,"","",9,"","",CHESTNUT,"","",CAMBRIDGE,MA,02139,01/08/16 05:13 AM
WW25-MAIL,WW25,MAIL,708,"",77,"","",MASSACHUSETTS,AVE,"",CAMBRIDGE,MA,02139,01/08/16 05:13 AM
WW25-STREET,WW25,STREET,31908,"",142,"","",WAVERLY,ST,"",CAMBRIDGE,MA,02139,01/08/16 05:13 AM
